onset	duration	trial_type	stim_file
101.1005859375	0.0	20	n/a
102.4921875	0.0	30	n/a
103.8837890625	0.0	20	n/a
105.275390625	0.0	20	n/a
105.759765625	0.0	111	n/a
106.6669921875	0.0	30	n/a
108.0673828125	0.0	20	n/a
109.45068359375	0.0	30	n/a
110.84228515625	0.0	20	n/a
112.23388671875	0.0	20	n/a
113.62548828125	0.0	20	n/a
115.01708984375	0.0	20	n/a
116.41748046875	0.0	30	n/a
117.5341796875	0.0	111	n/a
117.80908203125	0.0	20	n/a
117.93505859375	0.0	111	n/a
118.12646484375	0.0	111	n/a
119.208984375	0.0	20	n/a
120.6005859375	0.0	30	n/a
121.91748046875	0.0	1	n/a
122.74267578125	0.0	20	n/a
124.13427734375	0.0	20	n/a
125.52587890625	0.0	30	n/a
126.92578125	0.0	20	n/a
128.3173828125	0.0	30	n/a
129.70947265625	0.0	20	n/a
131.10107421875	0.0	30	n/a
132.49267578125	0.0	20	n/a
133.88427734375	0.0	20	n/a
135.27587890625	0.0	20	n/a
135.81005859375	0.0	111	n/a
136.60986328125	0.0	111	n/a
136.8349609375	0.0	111	n/a
138.0595703125	0.0	30	n/a
139.451171875	0.0	20	n/a
140.8427734375	0.0	20	n/a
142.234375	0.0	30	n/a
143.53466796875	0.0	1	n/a
150.00537109375	0.0	111	n/a
151.39306640625	0.19995170000038343	42	SHINEd_010_y_f_h_a.jpg
151.509765625	0.0	20	n/a
152.79296875	0.20000729999992473	43	SHINEd_016_y_m_h_a.jpg
152.90966796875	0.0	20	n/a
154.23486328125	0.20000770000092416	44	SHINEd_016_y_m_h_a.jpg
154.3515625	0.0	20	n/a
155.64306640625	0.20000720000098227	45	SHINEd_016_y_m_h_a.jpg
155.759765625	0.0	20	n/a
157.10986328125	0.20003109999925073	46	SHINEd_016_y_m_h_a.jpg
157.21826171875	0.0	20	n/a
158.53466796875	0.19999599999937345	21	SHINEd_008_y_m_a_a.jpg
158.64306640625	0.0	20	n/a
159.9599609375	0.20001249999950232	22	SHINEd_008_y_m_a_a.jpg
160.07666015625	0.0	20	n/a
161.4345703125	0.19997829999920214	23	SHINEd_008_y_m_a_a.jpg
161.5595703125	0.0	20	n/a
162.91796875	0.20000590000017837	24	SHINEd_008_y_m_a_a.jpg
163.03466796875	0.0	20	n/a
164.37646484375	0.20001330000013695	25	SHINEd_008_y_m_a_a.jpg
164.4931640625	0.0	20	n/a
165.82666015625	0.20000640000012027	26	SHINEd_031_y_m_a_b.jpg
165.943359375	0.0	20	n/a
167.29345703125	0.20000690000074428	27	SHINEd_037_y_m_a_b.jpg
167.41015625	0.0	20	n/a
168.7265625	0.19999819999975443	28	SHINEd_037_y_m_a_b.jpg
168.84326171875	0.0	20	n/a
170.193359375	0.19999599999937345	21	SHINEd_008_y_m_a_a.jpg
170.3017578125	0.0	20	n/a
171.65185546875	0.20001249999950232	22	SHINEd_008_y_m_a_a.jpg
171.76806640625	0.0	20	n/a
173.06005859375	0.19997829999920214	23	SHINEd_008_y_m_a_a.jpg
173.1767578125	0.0	20	n/a
174.46826171875	0.20000590000017837	24	SHINEd_008_y_m_a_a.jpg
174.5849609375	0.0	20	n/a
175.95166015625	0.20001330000013695	25	SHINEd_008_y_m_a_a.jpg
176.068359375	0.0	20	n/a
177.376953125	0.20000640000012027	26	SHINEd_031_y_m_a_b.jpg
177.4931640625	0.0	20	n/a
178.8515625	0.1999735999997938	41	SHINEd_016_y_m_h_a.jpg
178.96826171875	0.0	20	n/a
180.26025390625	0.19995170000038343	42	SHINEd_010_y_f_h_a.jpg
180.376953125	0.0	20	n/a
181.66845703125	0.20000729999992473	43	SHINEd_016_y_m_h_a.jpg
181.78515625	0.0	20	n/a
183.09326171875	0.20000770000092416	44	SHINEd_016_y_m_h_a.jpg
183.2099609375	0.0	20	n/a
184.568359375	0.2000052000003052	35	SHINEd_022_y_f_h_a.jpg
184.68505859375	0.0	20	n/a
186.0517578125	0.20003109999925073	46	SHINEd_016_y_m_h_a.jpg
186.16845703125	0.0	20	n/a
187.54345703125	0.1999735999997938	41	SHINEd_016_y_m_h_a.jpg
187.66015625	0.0	20	n/a
189.01025390625	0.19995170000038343	42	SHINEd_010_y_f_h_a.jpg
189.126953125	0.0	20	n/a
190.49365234375	0.20000729999992473	43	SHINEd_016_y_m_h_a.jpg
190.6103515625	0.0	20	n/a
191.96044921875	0.20000770000092416	44	SHINEd_016_y_m_h_a.jpg
192.0771484375	0.0	20	n/a
193.3603515625	0.20000720000098227	45	SHINEd_016_y_m_h_a.jpg
193.47705078125	0.0	20	n/a
194.76025390625	0.20003109999925073	46	SHINEd_016_y_m_h_a.jpg
194.876953125	0.0	20	n/a
196.2021484375	0.199985100000049	47	SHINEd_020_y_f_h_a.jpg
196.31884765625	0.0	20	n/a
197.6435546875	0.19996240000000398	48	SHINEd_008_y_m_h_b.jpg
197.76025390625	0.0	20	n/a
199.08544921875	0.19999599999937345	21	SHINEd_008_y_m_a_a.jpg
199.19384765625	0.0	20	n/a
200.51025390625	0.20001249999950232	22	SHINEd_008_y_m_a_a.jpg
200.626953125	0.0	20	n/a
201.92724609375	0.19997829999920214	23	SHINEd_008_y_m_a_a.jpg
202.0439453125	0.0	20	n/a
203.3271484375	0.20000590000017837	24	SHINEd_008_y_m_a_a.jpg
203.44384765625	0.0	20	n/a
204.7353515625	0.20001330000013695	25	SHINEd_008_y_m_a_a.jpg
204.85205078125	0.0	20	n/a
206.14404296875	0.19999599999937345	21	SHINEd_008_y_m_a_a.jpg
206.26904296875	0.0	20	n/a
207.59375	0.20001249999950232	22	SHINEd_008_y_m_a_a.jpg
207.71044921875	0.0	20	n/a
209.02734375	0.19997829999920214	23	SHINEd_008_y_m_a_a.jpg
209.14404296875	0.0	20	n/a
210.44384765625	0.20000590000017837	24	SHINEd_008_y_m_a_a.jpg
210.560546875	0.0	20	n/a
211.87744140625	0.20001330000013695	25	SHINEd_008_y_m_a_a.jpg
211.994140625	0.0	20	n/a
213.3271484375	0.20000640000012027	26	SHINEd_031_y_m_a_b.jpg
213.44384765625	0.0	20	n/a
214.7939453125	0.20000690000074428	27	SHINEd_037_y_m_a_b.jpg
214.91064453125	0.0	20	n/a
216.2109375	0.19999819999975443	28	SHINEd_037_y_m_a_b.jpg
216.32763671875	0.0	20	n/a
217.66064453125	0.1999735999997938	41	SHINEd_016_y_m_h_a.jpg
217.76904296875	0.0	20	n/a
219.0859375	0.19995170000038343	42	SHINEd_010_y_f_h_a.jpg
219.20263671875	0.0	20	n/a
220.5107421875	0.20000729999992473	43	SHINEd_016_y_m_h_a.jpg
220.62744140625	0.0	20	n/a
221.95263671875	0.20000770000092416	44	SHINEd_016_y_m_h_a.jpg
222.0693359375	0.0	20	n/a
223.427734375	0.20000720000098227	45	SHINEd_016_y_m_h_a.jpg
223.54443359375	0.0	20	n/a
224.90234375	0.1999735999997938	41	SHINEd_016_y_m_h_a.jpg
225.01904296875	0.0	20	n/a
226.3525390625	0.19995170000038343	42	SHINEd_010_y_f_h_a.jpg
226.46923828125	0.0	20	n/a
227.8193359375	0.20000729999992473	43	SHINEd_016_y_m_h_a.jpg
227.93603515625	0.0	20	n/a
229.31103515625	0.20000770000092416	44	SHINEd_016_y_m_h_a.jpg
229.427734375	0.0	20	n/a
230.79443359375	0.20000720000098227	45	SHINEd_016_y_m_h_a.jpg
230.9111328125	0.0	20	n/a
232.26123046875	0.20003109999925073	46	SHINEd_016_y_m_h_a.jpg
232.369140625	0.0	20	n/a
233.6943359375	0.19999599999937345	21	SHINEd_008_y_m_a_a.jpg
233.802734375	0.0	20	n/a
235.09423828125	0.20001249999950232	22	SHINEd_008_y_m_a_a.jpg
235.2109375	0.0	20	n/a
236.5693359375	0.19997829999920214	23	SHINEd_008_y_m_a_a.jpg
236.68603515625	0.0	20	n/a
237.9775390625	0.20001849999960086	14	SHINEd_037_y_m_a_b.jpg
238.09423828125	0.0	20	n/a
239.39453125	0.20001330000013695	25	SHINEd_008_y_m_a_a.jpg
239.51123046875	0.0	20	n/a
240.8193359375	0.19999599999937345	21	SHINEd_008_y_m_a_a.jpg
240.93603515625	0.0	20	n/a
242.2197265625	0.20001249999950232	22	SHINEd_008_y_m_a_a.jpg
242.33642578125	0.0	20	n/a
243.71142578125	0.19997829999920214	23	SHINEd_008_y_m_a_a.jpg
243.82763671875	0.0	20	n/a
245.15283203125	0.20000590000017837	24	SHINEd_008_y_m_a_a.jpg
245.26953125	0.0	20	n/a
246.5947265625	0.20001330000013695	25	SHINEd_008_y_m_a_a.jpg
246.71142578125	0.0	20	n/a
248.01953125	0.20000640000012027	26	SHINEd_031_y_m_a_b.jpg
248.13623046875	0.0	20	n/a
249.46142578125	0.20000690000074428	27	SHINEd_037_y_m_a_b.jpg
249.578125	0.0	20	n/a
250.94482421875	0.1999735999997938	41	SHINEd_016_y_m_h_a.jpg
251.0615234375	0.0	20	n/a
252.419921875	0.19995170000038343	42	SHINEd_010_y_f_h_a.jpg
252.5361328125	0.0	20	n/a
253.89453125	0.20000729999992473	43	SHINEd_016_y_m_h_a.jpg
254.01123046875	0.0	20	n/a
255.38623046875	0.20000770000092416	44	SHINEd_016_y_m_h_a.jpg
255.5029296875	0.0	20	n/a
256.81982421875	0.20000720000098227	45	SHINEd_016_y_m_h_a.jpg
256.9365234375	0.0	20	n/a
258.28662109375	0.20003109999925073	46	SHINEd_016_y_m_h_a.jpg
258.4033203125	0.0	20	n/a
259.74462890625	0.19999599999937345	21	SHINEd_008_y_m_a_a.jpg
259.861328125	0.0	20	n/a
261.22802734375	0.20001249999950232	22	SHINEd_008_y_m_a_a.jpg
261.3447265625	0.0	20	n/a
262.6533203125	0.19997829999920214	23	SHINEd_008_y_m_a_a.jpg
262.77001953125	0.0	20	n/a
264.12841796875	0.20000590000017837	24	SHINEd_008_y_m_a_a.jpg
264.2451171875	0.0	20	n/a
265.544921875	0.20001330000013695	25	SHINEd_008_y_m_a_a.jpg
265.66162109375	0.0	20	n/a
266.953125	0.20000640000012027	26	SHINEd_031_y_m_a_b.jpg
267.06982421875	0.0	20	n/a
268.419921875	0.20000690000074428	27	SHINEd_037_y_m_a_b.jpg
268.53662109375	0.0	20	n/a
269.84521484375	0.1999735999997938	41	SHINEd_016_y_m_h_a.jpg
269.953125	0.0	20	n/a
271.2451171875	0.19995170000038343	42	SHINEd_010_y_f_h_a.jpg
271.36181640625	0.0	20	n/a
272.64501953125	0.20000729999992473	43	SHINEd_016_y_m_h_a.jpg
272.76171875	0.0	20	n/a
274.044921875	0.20000770000092416	44	SHINEd_016_y_m_h_a.jpg
274.16162109375	0.0	20	n/a
275.47021484375	0.20000720000098227	45	SHINEd_016_y_m_h_a.jpg
275.5869140625	0.0	20	n/a
276.9033203125	0.19997929999954067	36	SHINEd_025_y_m_h_b.jpg
277.02001953125	0.0	20	n/a
278.37841796875	0.199985100000049	47	SHINEd_020_y_f_h_a.jpg
278.4951171875	0.0	20	n/a
279.78662109375	0.1999735999997938	41	SHINEd_016_y_m_h_a.jpg
279.89501953125	0.0	20	n/a
281.2451171875	0.19995170000038343	42	SHINEd_010_y_f_h_a.jpg
281.36181640625	0.0	20	n/a
282.64501953125	0.20000729999992473	43	SHINEd_016_y_m_h_a.jpg
282.76171875	0.0	20	n/a
284.13671875	0.20000770000092416	44	SHINEd_016_y_m_h_a.jpg
284.25341796875	0.0	20	n/a
285.59521484375	0.20000720000098227	45	SHINEd_016_y_m_h_a.jpg
285.7119140625	0.0	20	n/a
287.0869140625	0.20003109999925073	46	SHINEd_016_y_m_h_a.jpg
287.20361328125	0.0	20	n/a
288.52880859375	0.199985100000049	47	SHINEd_020_y_f_h_a.jpg
288.6455078125	0.0	20	n/a
289.9453125	0.1999735999997938	41	SHINEd_016_y_m_h_a.jpg
290.0537109375	0.0	20	n/a
291.37890625	0.19995170000038343	42	SHINEd_010_y_f_h_a.jpg
291.49560546875	0.0	20	n/a
292.81201171875	0.20000729999992473	43	SHINEd_016_y_m_h_a.jpg
292.9287109375	0.0	20	n/a
294.2119140625	0.20000770000092416	44	SHINEd_016_y_m_h_a.jpg
294.32861328125	0.0	20	n/a
295.6953125	0.20000720000098227	45	SHINEd_016_y_m_h_a.jpg
295.81201171875	0.0	20	n/a
297.12890625	0.20003109999925073	46	SHINEd_016_y_m_h_a.jpg
297.24560546875	0.0	20	n/a
298.595703125	0.199985100000049	47	SHINEd_020_y_f_h_a.jpg
298.71240234375	0.0	20	n/a
300.037109375	0.19999599999937345	21	SHINEd_008_y_m_a_a.jpg
300.1455078125	0.0	20	n/a
301.5205078125	0.20001249999950232	22	SHINEd_008_y_m_a_a.jpg
301.63720703125	0.0	20	n/a
302.93701171875	0.19997829999920214	23	SHINEd_008_y_m_a_a.jpg
303.0537109375	0.0	20	n/a
304.35400390625	0.20001849999960086	14	SHINEd_037_y_m_a_b.jpg
304.470703125	0.0	20	n/a
305.76220703125	0.20001330000013695	25	SHINEd_008_y_m_a_a.jpg
305.87890625	0.0	20	n/a
307.21240234375	0.20000640000012027	26	SHINEd_031_y_m_a_b.jpg
307.3291015625	0.0	20	n/a
308.69580078125	0.19999599999937345	21	SHINEd_008_y_m_a_a.jpg
308.80419921875	0.0	20	n/a
310.1123046875	0.200000900000191	12	SHINEd_037_y_m_a_b.jpg
310.22900390625	0.0	20	n/a
311.52880859375	0.19997829999920214	23	SHINEd_008_y_m_a_a.jpg
311.6455078125	0.0	20	n/a
313.01220703125	0.20000590000017837	24	SHINEd_008_y_m_a_a.jpg
313.12890625	0.0	20	n/a
314.47900390625	0.20001330000013695	25	SHINEd_008_y_m_a_a.jpg
314.595703125	0.0	20	n/a
315.89599609375	0.20000640000012027	26	SHINEd_031_y_m_a_b.jpg
316.02099609375	0.0	20	n/a
317.33740234375	0.2000026999995157	17	SHINEd_020_y_f_a_a.jpg
317.4541015625	0.0	20	n/a
318.77099609375	0.19999819999975443	28	SHINEd_037_y_m_a_b.jpg
318.87939453125	0.0	20	n/a
320.1708984375	0.19999599999937345	21	SHINEd_008_y_m_a_a.jpg
320.28759765625	0.0	20	n/a
321.64599609375	0.20001249999950232	22	SHINEd_008_y_m_a_a.jpg
321.7626953125	0.0	20	n/a
323.05419921875	0.19997829999920214	23	SHINEd_008_y_m_a_a.jpg
323.1708984375	0.0	20	n/a
324.529296875	0.20000590000017837	24	SHINEd_008_y_m_a_a.jpg
324.64599609375	0.0	20	n/a
325.9541015625	0.20001330000013695	25	SHINEd_008_y_m_a_a.jpg
326.07080078125	0.0	20	n/a
327.3876953125	0.20000640000012027	26	SHINEd_031_y_m_a_b.jpg
327.50439453125	0.0	20	n/a
328.78759765625	0.20000690000074428	27	SHINEd_037_y_m_a_b.jpg
328.904296875	0.0	20	n/a
330.212890625	0.19999599999937345	21	SHINEd_008_y_m_a_a.jpg
330.3291015625	0.0	20	n/a
331.6875	0.20001249999950232	22	SHINEd_008_y_m_a_a.jpg
331.80419921875	0.0	20	n/a
333.1044921875	0.19997829999920214	23	SHINEd_008_y_m_a_a.jpg
333.22119140625	0.0	20	n/a
334.59619140625	0.20000590000017837	24	SHINEd_008_y_m_a_a.jpg
334.712890625	0.0	20	n/a
336.02099609375	0.20001330000013695	25	SHINEd_008_y_m_a_a.jpg
336.1376953125	0.0	20	n/a
337.45458984375	0.19999599999937345	21	SHINEd_008_y_m_a_a.jpg
337.56298828125	0.0	20	n/a
338.89599609375	0.20001249999950232	22	SHINEd_008_y_m_a_a.jpg
339.0126953125	0.0	20	n/a
340.337890625	0.19997829999920214	23	SHINEd_008_y_m_a_a.jpg
340.45458984375	0.0	20	n/a
341.77978515625	0.20000590000017837	24	SHINEd_008_y_m_a_a.jpg
341.89599609375	0.0	20	n/a
343.1962890625	0.20001330000013695	25	SHINEd_008_y_m_a_a.jpg
343.31298828125	0.0	20	n/a
344.62939453125	0.20000640000012027	26	SHINEd_031_y_m_a_b.jpg
344.74609375	0.0	20	n/a
346.12109375	0.20000690000074428	27	SHINEd_037_y_m_a_b.jpg
346.23779296875	0.0	20	n/a
347.5712890625	0.19999819999975443	28	SHINEd_037_y_m_a_b.jpg
347.68798828125	0.0	20	n/a
349.0048828125	0.1999735999997938	41	SHINEd_016_y_m_h_a.jpg
349.12158203125	0.0	20	n/a
350.4794921875	0.19995170000038343	42	SHINEd_010_y_f_h_a.jpg
350.59619140625	0.0	20	n/a
351.896484375	0.20000729999992473	43	SHINEd_016_y_m_h_a.jpg
352.01318359375	0.0	20	n/a
353.3798828125	0.20000770000092416	44	SHINEd_016_y_m_h_a.jpg
353.49658203125	0.0	20	n/a
354.7880859375	0.20000720000098227	45	SHINEd_016_y_m_h_a.jpg
354.90478515625	0.0	20	n/a
356.21337890625	0.20003109999925073	46	SHINEd_016_y_m_h_a.jpg
356.32958984375	0.0	20	n/a
357.646484375	0.19999599999937345	21	SHINEd_008_y_m_a_a.jpg
357.76318359375	0.0	20	n/a
359.080078125	0.20001249999950232	22	SHINEd_008_y_m_a_a.jpg
359.1962890625	0.0	20	n/a
360.51318359375	0.19997829999920214	23	SHINEd_008_y_m_a_a.jpg
360.6298828125	0.0	20	n/a
361.98828125	0.20000590000017837	24	SHINEd_008_y_m_a_a.jpg
362.10498046875	0.0	20	n/a
363.4716796875	0.20001330000013695	25	SHINEd_008_y_m_a_a.jpg
363.58837890625	0.0	20	n/a
364.94677734375	0.20000640000012027	26	SHINEd_031_y_m_a_b.jpg
365.0634765625	0.0	20	n/a
366.4384765625	0.19999599999937345	21	SHINEd_008_y_m_a_a.jpg
366.55517578125	0.0	20	n/a
367.85498046875	0.20001249999950232	22	SHINEd_008_y_m_a_a.jpg
367.9716796875	0.0	20	n/a
369.27978515625	0.19997829999920214	23	SHINEd_008_y_m_a_a.jpg
369.396484375	0.0	20	n/a
370.71337890625	0.20000590000017837	24	SHINEd_008_y_m_a_a.jpg
370.830078125	0.0	20	n/a
372.16357421875	0.20001330000013695	25	SHINEd_008_y_m_a_a.jpg
372.2802734375	0.0	20	n/a
373.64697265625	0.20000640000012027	26	SHINEd_031_y_m_a_b.jpg
373.763671875	0.0	20	n/a
375.07177734375	0.1999735999997938	41	SHINEd_016_y_m_h_a.jpg
375.18017578125	0.0	20	n/a
376.49658203125	0.199981800000387	32	SHINEd_016_y_m_h_b.jpg
376.61328125	0.0	20	n/a
377.96337890625	0.20000729999992473	43	SHINEd_016_y_m_h_a.jpg
378.080078125	0.0	20	n/a
379.4052734375	0.20001630000092518	34	SHINEd_016_y_m_h_b.jpg
379.52197265625	0.0	20	n/a
380.8466796875	0.20000720000098227	45	SHINEd_016_y_m_h_a.jpg
380.96337890625	0.0	20	n/a
382.23876953125	0.20003109999925073	46	SHINEd_016_y_m_h_a.jpg
382.35546875	0.0	20	n/a
383.73046875	0.199985100000049	47	SHINEd_020_y_f_h_a.jpg
383.84716796875	0.0	20	n/a
385.1552734375	0.1999735999997938	41	SHINEd_016_y_m_h_a.jpg
385.27197265625	0.0	20	n/a
386.64697265625	0.19995170000038343	42	SHINEd_010_y_f_h_a.jpg
386.763671875	0.0	20	n/a
388.05517578125	0.20000729999992473	43	SHINEd_016_y_m_h_a.jpg
388.171875	0.0	20	n/a
389.48876953125	0.20000770000092416	44	SHINEd_016_y_m_h_a.jpg
389.61376953125	0.0	20	n/a
390.91357421875	0.20000720000098227	45	SHINEd_016_y_m_h_a.jpg
391.0302734375	0.0	20	n/a
392.322265625	0.19997929999954067	36	SHINEd_025_y_m_h_b.jpg
392.43896484375	0.0	20	n/a
393.73876953125	0.19999599999937345	21	SHINEd_008_y_m_a_a.jpg
393.85546875	0.0	20	n/a
395.2138671875	0.20001249999950232	22	SHINEd_008_y_m_a_a.jpg
395.33056640625	0.0	20	n/a
396.68896484375	0.19997829999920214	23	SHINEd_008_y_m_a_a.jpg
396.8056640625	0.0	20	n/a
398.1640625	0.20000590000017837	24	SHINEd_008_y_m_a_a.jpg
398.2802734375	0.0	20	n/a
399.59716796875	0.20002389999922343	15	SHINEd_020_y_f_a_a.jpg
399.7138671875	0.0	20	n/a
401.0556640625	0.19999599999937345	21	SHINEd_008_y_m_a_a.jpg
401.1806640625	0.0	20	n/a
402.54736328125	0.20001249999950232	22	SHINEd_008_y_m_a_a.jpg
402.6640625	0.0	20	n/a
404.0390625	0.19997829999920214	23	SHINEd_008_y_m_a_a.jpg
404.15576171875	0.0	20	n/a
405.4638671875	0.20000590000017837	24	SHINEd_008_y_m_a_a.jpg
405.58056640625	0.0	20	n/a
406.9140625	0.20001330000013695	25	SHINEd_008_y_m_a_a.jpg
407.03076171875	0.0	20	n/a
408.40576171875	0.20000640000012027	26	SHINEd_031_y_m_a_b.jpg
408.5224609375	0.0	20	n/a
409.880859375	0.19999599999937345	21	SHINEd_008_y_m_a_a.jpg
409.99755859375	0.0	20	n/a
411.31396484375	0.200000900000191	12	SHINEd_037_y_m_a_b.jpg
411.4306640625	0.0	20	n/a
412.7890625	0.2000028000002203	13	SHINEd_020_y_f_a_b.jpg
412.90576171875	0.0	20	n/a
414.1806640625	0.20000590000017837	24	SHINEd_008_y_m_a_a.jpg
414.29736328125	0.0	20	n/a
415.6474609375	0.20001330000013695	25	SHINEd_008_y_m_a_a.jpg
415.76416015625	0.0	20	n/a
417.072265625	0.20000640000012027	26	SHINEd_031_y_m_a_b.jpg
417.18896484375	0.0	20	n/a
418.5224609375	0.19999599999937345	21	SHINEd_008_y_m_a_a.jpg
418.63916015625	0.0	20	n/a
419.97265625	0.200000900000191	12	SHINEd_037_y_m_a_b.jpg
420.08935546875	0.0	20	n/a
421.439453125	0.19997829999920214	23	SHINEd_008_y_m_a_a.jpg
421.5556640625	0.0	20	n/a
422.9140625	0.20000590000017837	24	SHINEd_008_y_m_a_a.jpg
423.03076171875	0.0	20	n/a
424.314453125	0.20001330000013695	25	SHINEd_008_y_m_a_a.jpg
424.43115234375	0.0	20	n/a
425.78076171875	0.20000640000012027	26	SHINEd_031_y_m_a_b.jpg
425.8974609375	0.0	20	n/a
427.2060546875	0.1999735999997938	41	SHINEd_016_y_m_h_a.jpg
427.32275390625	0.0	20	n/a
428.66455078125	0.19995170000038343	42	SHINEd_010_y_f_h_a.jpg
428.78125	0.0	20	n/a
430.07275390625	0.20000729999992473	43	SHINEd_016_y_m_h_a.jpg
430.189453125	0.0	20	n/a
431.564453125	0.20000770000092416	44	SHINEd_016_y_m_h_a.jpg
431.68115234375	0.0	20	n/a
433.02294921875	0.20000720000098227	45	SHINEd_016_y_m_h_a.jpg
433.1396484375	0.0	20	n/a
434.50634765625	0.19999599999937345	21	SHINEd_008_y_m_a_a.jpg
434.6142578125	0.0	20	n/a
435.91455078125	0.20001249999950232	22	SHINEd_008_y_m_a_a.jpg
436.03125	0.0	20	n/a
437.32275390625	0.19997829999920214	23	SHINEd_008_y_m_a_a.jpg
437.439453125	0.0	20	n/a
438.72265625	0.20000590000017837	24	SHINEd_008_y_m_a_a.jpg
438.83935546875	0.0	20	n/a
440.14794921875	0.20001330000013695	25	SHINEd_008_y_m_a_a.jpg
440.2646484375	0.0	20	n/a
441.6064453125	0.20000640000012027	26	SHINEd_031_y_m_a_b.jpg
441.72314453125	0.0	20	n/a
443.0478515625	0.20000690000074428	27	SHINEd_037_y_m_a_b.jpg
443.16455078125	0.0	20	n/a
444.4560546875	0.19999599999937345	21	SHINEd_008_y_m_a_a.jpg
444.57275390625	0.0	20	n/a
445.8564453125	0.20001249999950232	22	SHINEd_008_y_m_a_a.jpg
445.97314453125	0.0	20	n/a
447.34814453125	0.19997829999920214	23	SHINEd_008_y_m_a_a.jpg
447.46484375	0.0	20	n/a
448.83984375	0.20001849999960086	14	SHINEd_037_y_m_a_b.jpg
448.95654296875	0.0	20	n/a
450.248046875	0.20001330000013695	25	SHINEd_008_y_m_a_a.jpg
450.36474609375	0.0	20	n/a
451.6728515625	0.20000640000012027	26	SHINEd_031_y_m_a_b.jpg
451.78955078125	0.0	20	n/a
453.08154296875	0.20000690000074428	27	SHINEd_037_y_m_a_b.jpg
453.1982421875	0.0	20	n/a
454.5146484375	0.19999819999975443	28	SHINEd_037_y_m_a_b.jpg
454.63134765625	0.0	20	n/a
455.96484375	0.1999735999997938	41	SHINEd_016_y_m_h_a.jpg
456.08154296875	0.0	20	n/a
457.431640625	0.19995170000038343	42	SHINEd_010_y_f_h_a.jpg
457.54833984375	0.0	20	n/a
458.8896484375	0.20000729999992473	43	SHINEd_016_y_m_h_a.jpg
459.00634765625	0.0	20	n/a
460.38134765625	0.20000770000092416	44	SHINEd_016_y_m_h_a.jpg
460.498046875	0.0	20	n/a
461.806640625	0.2000052000003052	35	SHINEd_022_y_f_h_a.jpg
461.92333984375	0.0	20	n/a
463.2568359375	0.1999735999997938	41	SHINEd_016_y_m_h_a.jpg
463.36474609375	0.0	20	n/a
464.68994140625	0.19995170000038343	42	SHINEd_010_y_f_h_a.jpg
464.806640625	0.0	20	n/a
466.14013671875	0.20000729999992473	43	SHINEd_016_y_m_h_a.jpg
466.2568359375	0.0	20	n/a
467.5400390625	0.20000770000092416	44	SHINEd_016_y_m_h_a.jpg
467.6650390625	0.0	20	n/a
469.0234375	0.20000720000098227	45	SHINEd_016_y_m_h_a.jpg
469.14013671875	0.0	20	n/a
470.45654296875	0.1999735999997938	41	SHINEd_016_y_m_h_a.jpg
470.56494140625	0.0	20	n/a
471.9150390625	0.19995170000038343	42	SHINEd_010_y_f_h_a.jpg
472.03173828125	0.0	20	n/a
473.1650390625	0.0	200	n/a
494.4736328125	0.20000770000092416	44	SHINEd_016_y_m_h_a.jpg
494.58203125	0.0	20	n/a
495.93212890625	0.20000720000098227	45	SHINEd_016_y_m_h_a.jpg
496.048828125	0.0	20	n/a
497.41552734375	0.19999599999937345	21	SHINEd_008_y_m_a_a.jpg
497.5322265625	0.0	20	n/a
498.89892578125	0.20001249999950232	22	SHINEd_008_y_m_a_a.jpg
499.015625	0.0	20	n/a
500.3740234375	0.19997829999920214	23	SHINEd_008_y_m_a_a.jpg
500.49072265625	0.0	20	n/a
501.8154296875	0.20000590000017837	24	SHINEd_008_y_m_a_a.jpg
501.93212890625	0.0	20	n/a
503.265625	0.20001330000013695	25	SHINEd_008_y_m_a_a.jpg
503.38232421875	0.0	20	n/a
504.70751953125	0.20000640000012027	26	SHINEd_031_y_m_a_b.jpg
504.82421875	0.0	20	n/a
506.107421875	0.20000690000074428	27	SHINEd_037_y_m_a_b.jpg
506.22412109375	0.0	20	n/a
507.5322265625	0.19999599999937345	21	SHINEd_008_y_m_a_a.jpg
507.64892578125	0.0	20	n/a
509.015625	0.20001249999950232	22	SHINEd_008_y_m_a_a.jpg
509.13232421875	0.0	20	n/a
510.4658203125	0.19997829999920214	23	SHINEd_008_y_m_a_a.jpg
510.58251953125	0.0	20	n/a
511.86572265625	0.20000590000017837	24	SHINEd_008_y_m_a_a.jpg
511.982421875	0.0	20	n/a
513.27392578125	0.20001330000013695	25	SHINEd_008_y_m_a_a.jpg
513.390625	0.0	20	n/a
514.7490234375	0.20000640000012027	26	SHINEd_031_y_m_a_b.jpg
514.86572265625	0.0	20	n/a
516.19921875	0.19999599999937345	21	SHINEd_008_y_m_a_a.jpg
516.31591796875	0.0	20	n/a
517.6826171875	0.20001249999950232	22	SHINEd_008_y_m_a_a.jpg
517.79931640625	0.0	20	n/a
519.09912109375	0.19997829999920214	23	SHINEd_008_y_m_a_a.jpg
519.2158203125	0.0	20	n/a
520.541015625	0.20000590000017837	24	SHINEd_008_y_m_a_a.jpg
520.65771484375	0.0	20	n/a
521.94091796875	0.20001330000013695	25	SHINEd_008_y_m_a_a.jpg
522.0576171875	0.0	20	n/a
523.39111328125	0.20000640000012027	26	SHINEd_031_y_m_a_b.jpg
523.5078125	0.0	20	n/a
524.8408203125	0.19999599999937345	21	SHINEd_008_y_m_a_a.jpg
524.95751953125	0.0	20	n/a
526.29931640625	0.20001249999950232	22	SHINEd_008_y_m_a_a.jpg
526.416015625	0.0	20	n/a
527.7744140625	0.19997829999920214	23	SHINEd_008_y_m_a_a.jpg
527.89111328125	0.0	20	n/a
529.17431640625	0.20000590000017837	24	SHINEd_008_y_m_a_a.jpg
529.291015625	0.0	20	n/a
530.58251953125	0.20001330000013695	25	SHINEd_008_y_m_a_a.jpg
530.69921875	0.0	20	n/a
531.9912109375	0.20000640000012027	26	SHINEd_031_y_m_a_b.jpg
532.10791015625	0.0	20	n/a
533.39111328125	0.20000690000074428	27	SHINEd_037_y_m_a_b.jpg
533.5078125	0.0	20	n/a
534.78271484375	0.1999735999997938	41	SHINEd_016_y_m_h_a.jpg
534.8994140625	0.0	20	n/a
536.26611328125	0.19995170000038343	42	SHINEd_010_y_f_h_a.jpg
536.3828125	0.0	20	n/a
537.7578125	0.20000729999992473	43	SHINEd_016_y_m_h_a.jpg
537.8828125	0.0	20	n/a
539.224609375	0.20000770000092416	44	SHINEd_016_y_m_h_a.jpg
539.34130859375	0.0	20	n/a
540.69970703125	0.20000720000098227	45	SHINEd_016_y_m_h_a.jpg
540.81640625	0.0	20	n/a
542.18310546875	0.20003109999925073	46	SHINEd_016_y_m_h_a.jpg
542.2998046875	0.0	20	n/a
543.599609375	0.1999735999997938	41	SHINEd_016_y_m_h_a.jpg
543.71630859375	0.0	20	n/a
545.07470703125	0.19995170000038343	42	SHINEd_010_y_f_h_a.jpg
545.19140625	0.0	20	n/a
546.474609375	0.20000729999992473	43	SHINEd_016_y_m_h_a.jpg
546.59130859375	0.0	20	n/a
547.89111328125	0.20000770000092416	44	SHINEd_016_y_m_h_a.jpg
548.0078125	0.0	20	n/a
549.35791015625	0.20000720000098227	45	SHINEd_016_y_m_h_a.jpg
549.474609375	0.0	20	n/a
550.77490234375	0.19999599999937345	21	SHINEd_008_y_m_a_a.jpg
550.8916015625	0.0	20	n/a
552.1748046875	0.20001249999950232	22	SHINEd_008_y_m_a_a.jpg
552.29150390625	0.0	20	n/a
553.64990234375	0.2000028000002203	13	SHINEd_020_y_f_a_b.jpg
553.7666015625	0.0	20	n/a
555.0830078125	0.20000590000017837	24	SHINEd_008_y_m_a_a.jpg
555.19970703125	0.0	20	n/a
556.54150390625	0.20001330000013695	25	SHINEd_008_y_m_a_a.jpg
556.658203125	0.0	20	n/a
558.02490234375	0.20000640000012027	26	SHINEd_031_y_m_a_b.jpg
558.1416015625	0.0	20	n/a
559.49169921875	0.1999735999997938	41	SHINEd_016_y_m_h_a.jpg
559.6083984375	0.0	20	n/a
560.93310546875	0.19995170000038343	42	SHINEd_010_y_f_h_a.jpg
561.0498046875	0.0	20	n/a
562.408203125	0.20000729999992473	43	SHINEd_016_y_m_h_a.jpg
562.52490234375	0.0	20	n/a
563.83349609375	0.20000770000092416	44	SHINEd_016_y_m_h_a.jpg
563.94970703125	0.0	20	n/a
565.25830078125	0.20000720000098227	45	SHINEd_016_y_m_h_a.jpg
565.375	0.0	20	n/a
566.7333984375	0.20003109999925073	46	SHINEd_016_y_m_h_a.jpg
566.85009765625	0.0	20	n/a
568.158203125	0.1999735999997938	41	SHINEd_016_y_m_h_a.jpg
568.27490234375	0.0	20	n/a
569.5498046875	0.19995170000038343	42	SHINEd_010_y_f_h_a.jpg
569.66650390625	0.0	20	n/a
571.0	0.20000729999992473	43	SHINEd_016_y_m_h_a.jpg
571.11669921875	0.0	20	n/a
572.43359375	0.20000770000092416	44	SHINEd_016_y_m_h_a.jpg
572.55029296875	0.0	20	n/a
573.9169921875	0.20000720000098227	45	SHINEd_016_y_m_h_a.jpg
574.03369140625	0.0	20	n/a
575.400390625	0.20003109999925073	46	SHINEd_016_y_m_h_a.jpg
575.5166015625	0.0	20	n/a
576.80029296875	0.199985100000049	47	SHINEd_020_y_f_h_a.jpg
576.9169921875	0.0	20	n/a
578.2001953125	0.19999599999937345	21	SHINEd_008_y_m_a_a.jpg
578.31689453125	0.0	20	n/a
579.60009765625	0.20001249999950232	22	SHINEd_008_y_m_a_a.jpg
579.716796875	0.0	20	n/a
581.03369140625	0.19997829999920214	23	SHINEd_008_y_m_a_a.jpg
581.150390625	0.0	20	n/a
582.5087890625	0.20000590000017837	24	SHINEd_008_y_m_a_a.jpg
582.62548828125	0.0	20	n/a
584.00048828125	0.20001330000013695	25	SHINEd_008_y_m_a_a.jpg
584.1171875	0.0	20	n/a
585.44189453125	0.20000640000012027	26	SHINEd_031_y_m_a_b.jpg
585.55859375	0.0	20	n/a
586.900390625	0.20000690000074428	27	SHINEd_037_y_m_a_b.jpg
587.01708984375	0.0	20	n/a
588.37548828125	0.19999599999937345	21	SHINEd_008_y_m_a_a.jpg
588.4921875	0.0	20	n/a
589.76708984375	0.20001249999950232	22	SHINEd_008_y_m_a_a.jpg
589.8837890625	0.0	20	n/a
591.15869140625	0.19997829999920214	23	SHINEd_008_y_m_a_a.jpg
591.275390625	0.0	20	n/a
592.60888671875	0.20000590000017837	24	SHINEd_008_y_m_a_a.jpg
592.7255859375	0.0	20	n/a
594.025390625	0.20002389999922343	15	SHINEd_020_y_f_a_a.jpg
594.14208984375	0.0	20	n/a
595.50048828125	0.20000640000012027	26	SHINEd_031_y_m_a_b.jpg
595.6171875	0.0	20	n/a
596.93359375	0.1999735999997938	41	SHINEd_016_y_m_h_a.jpg
597.05029296875	0.0	20	n/a
598.333984375	0.19995170000038343	42	SHINEd_010_y_f_h_a.jpg
598.45068359375	0.0	20	n/a
599.78369140625	0.20000729999992473	43	SHINEd_016_y_m_h_a.jpg
599.900390625	0.0	20	n/a
601.26708984375	0.20000770000092416	44	SHINEd_016_y_m_h_a.jpg
601.3837890625	0.0	20	n/a
602.708984375	0.20000720000098227	45	SHINEd_016_y_m_h_a.jpg
602.82568359375	0.0	20	n/a
604.18408203125	0.20003109999925073	46	SHINEd_016_y_m_h_a.jpg
604.30078125	0.0	20	n/a
605.62548828125	0.1999735999997938	41	SHINEd_016_y_m_h_a.jpg
605.7421875	0.0	20	n/a
607.05078125	0.19995170000038343	42	SHINEd_010_y_f_h_a.jpg
607.16748046875	0.0	20	n/a
608.52587890625	0.20000729999992473	43	SHINEd_016_y_m_h_a.jpg
608.642578125	0.0	20	n/a
609.98388671875	0.20000770000092416	44	SHINEd_016_y_m_h_a.jpg
610.1005859375	0.0	20	n/a
611.42578125	0.20000720000098227	45	SHINEd_016_y_m_h_a.jpg
611.54248046875	0.0	20	n/a
612.892578125	0.20003109999925073	46	SHINEd_016_y_m_h_a.jpg
613.00927734375	0.0	20	n/a
614.333984375	0.199985100000049	47	SHINEd_020_y_f_h_a.jpg
614.45068359375	0.0	20	n/a
615.74267578125	0.19999599999937345	21	SHINEd_008_y_m_a_a.jpg
615.859375	0.0	20	n/a
617.1591796875	0.20001249999950232	22	SHINEd_008_y_m_a_a.jpg
617.27587890625	0.0	20	n/a
618.60107421875	0.2000028000002203	13	SHINEd_020_y_f_a_b.jpg
618.7177734375	0.0	20	n/a
620.0673828125	0.20000590000017837	24	SHINEd_008_y_m_a_a.jpg
620.18408203125	0.0	20	n/a
621.484375	0.20001330000013695	25	SHINEd_008_y_m_a_a.jpg
621.60107421875	0.0	20	n/a
622.90087890625	0.19999599999937345	21	SHINEd_008_y_m_a_a.jpg
623.017578125	0.0	20	n/a
624.31787109375	0.20001249999950232	22	SHINEd_008_y_m_a_a.jpg
624.43408203125	0.0	20	n/a
625.7177734375	0.19997829999920214	23	SHINEd_008_y_m_a_a.jpg
625.83447265625	0.0	20	n/a
627.1259765625	0.20000590000017837	24	SHINEd_008_y_m_a_a.jpg
627.24267578125	0.0	20	n/a
628.60107421875	0.20001330000013695	25	SHINEd_008_y_m_a_a.jpg
628.7177734375	0.0	20	n/a
630.00927734375	0.1999735999997938	41	SHINEd_016_y_m_h_a.jpg
630.1259765625	0.0	20	n/a
631.484375	0.19995170000038343	42	SHINEd_010_y_f_h_a.jpg
631.60107421875	0.0	20	n/a
632.892578125	0.20000729999992473	43	SHINEd_016_y_m_h_a.jpg
633.00927734375	0.0	20	n/a
634.38427734375	0.20000770000092416	44	SHINEd_016_y_m_h_a.jpg
634.5009765625	0.0	20	n/a
635.85107421875	0.20000720000098227	45	SHINEd_016_y_m_h_a.jpg
635.9677734375	0.0	20	n/a
637.29296875	0.20003109999925073	46	SHINEd_016_y_m_h_a.jpg
637.40966796875	0.0	20	n/a
638.76806640625	0.19999599999937345	21	SHINEd_008_y_m_a_a.jpg
638.884765625	0.0	20	n/a
640.24267578125	0.20001249999950232	22	SHINEd_008_y_m_a_a.jpg
640.359375	0.0	20	n/a
641.72607421875	0.19997829999920214	23	SHINEd_008_y_m_a_a.jpg
641.8427734375	0.0	20	n/a
643.134765625	0.20000590000017837	24	SHINEd_008_y_m_a_a.jpg
643.25146484375	0.0	20	n/a
644.54296875	0.20001330000013695	25	SHINEd_008_y_m_a_a.jpg
644.65966796875	0.0	20	n/a
645.9765625	0.20000640000012027	26	SHINEd_031_y_m_a_b.jpg
646.09326171875	0.0	20	n/a
647.4013671875	0.20000690000074428	27	SHINEd_037_y_m_a_b.jpg
647.51806640625	0.0	20	n/a
648.85986328125	0.1999735999997938	41	SHINEd_016_y_m_h_a.jpg
648.9765625	0.0	20	n/a
650.259765625	0.19995170000038343	42	SHINEd_010_y_f_h_a.jpg
650.37646484375	0.0	20	n/a
651.7431640625	0.20000729999992473	43	SHINEd_016_y_m_h_a.jpg
651.85986328125	0.0	20	n/a
653.16796875	0.20000770000092416	44	SHINEd_016_y_m_h_a.jpg
653.28466796875	0.0	20	n/a
654.60986328125	0.20000720000098227	45	SHINEd_016_y_m_h_a.jpg
654.73486328125	0.0	20	n/a
656.009765625	0.20003109999925073	46	SHINEd_016_y_m_h_a.jpg
656.12646484375	0.0	20	n/a
657.4931640625	0.199985100000049	47	SHINEd_020_y_f_h_a.jpg
657.60986328125	0.0	20	n/a
658.95166015625	0.19999480000092262	11	SHINEd_028_y_f_a_b.jpg
659.068359375	0.0	20	n/a
660.4013671875	0.20001249999950232	22	SHINEd_008_y_m_a_a.jpg
660.51806640625	0.0	20	n/a
661.84326171875	0.19997829999920214	23	SHINEd_008_y_m_a_a.jpg
661.9599609375	0.0	20	n/a
663.27685546875	0.20000590000017837	24	SHINEd_008_y_m_a_a.jpg
663.39306640625	0.0	20	n/a
664.70166015625	0.20001330000013695	25	SHINEd_008_y_m_a_a.jpg
664.818359375	0.0	20	n/a
666.18505859375	0.20000640000012027	26	SHINEd_031_y_m_a_b.jpg
666.3017578125	0.0	20	n/a
667.6767578125	0.20000690000074428	27	SHINEd_037_y_m_a_b.jpg
667.79345703125	0.0	20	n/a
669.10986328125	0.19999599999937345	21	SHINEd_008_y_m_a_a.jpg
669.2265625	0.0	20	n/a
670.52685546875	0.20001249999950232	22	SHINEd_008_y_m_a_a.jpg
670.6435546875	0.0	20	n/a
671.95166015625	0.19997829999920214	23	SHINEd_008_y_m_a_a.jpg
672.068359375	0.0	20	n/a
673.3935546875	0.20000590000017837	24	SHINEd_008_y_m_a_a.jpg
673.51025390625	0.0	20	n/a
674.88525390625	0.20001330000013695	25	SHINEd_008_y_m_a_a.jpg
675.001953125	0.0	20	n/a
676.318359375	0.20000640000012027	26	SHINEd_031_y_m_a_b.jpg
676.43505859375	0.0	20	n/a
677.751953125	0.20000690000074428	27	SHINEd_037_y_m_a_b.jpg
677.86865234375	0.0	20	n/a
679.1767578125	0.1999735999997938	41	SHINEd_016_y_m_h_a.jpg
679.29345703125	0.0	20	n/a
680.59375	0.19995170000038343	42	SHINEd_010_y_f_h_a.jpg
680.71044921875	0.0	20	n/a
682.06005859375	0.20000729999992473	43	SHINEd_016_y_m_h_a.jpg
682.1767578125	0.0	20	n/a
683.49365234375	0.20000770000092416	44	SHINEd_016_y_m_h_a.jpg
683.6103515625	0.0	20	n/a
684.88525390625	0.20000720000098227	45	SHINEd_016_y_m_h_a.jpg
685.001953125	0.0	20	n/a
686.310546875	0.20003109999925073	46	SHINEd_016_y_m_h_a.jpg
686.42724609375	0.0	20	n/a
687.71044921875	0.1999735999997938	41	SHINEd_016_y_m_h_a.jpg
687.8271484375	0.0	20	n/a
689.16064453125	0.19995170000038343	42	SHINEd_010_y_f_h_a.jpg
689.27685546875	0.0	20	n/a
690.63525390625	0.20000729999992473	43	SHINEd_016_y_m_h_a.jpg
690.751953125	0.0	20	n/a
692.126953125	0.20000770000092416	44	SHINEd_016_y_m_h_a.jpg
692.24365234375	0.0	20	n/a
693.5439453125	0.20000720000098227	45	SHINEd_016_y_m_h_a.jpg
693.66064453125	0.0	20	n/a
694.9521484375	0.20003109999925073	46	SHINEd_016_y_m_h_a.jpg
695.06884765625	0.0	20	n/a
696.36865234375	0.199985100000049	47	SHINEd_020_y_f_h_a.jpg
696.4853515625	0.0	20	n/a
697.81884765625	0.19999599999937345	21	SHINEd_008_y_m_a_a.jpg
697.935546875	0.0	20	n/a
699.26904296875	0.20001249999950232	22	SHINEd_008_y_m_a_a.jpg
699.3857421875	0.0	20	n/a
700.744140625	0.19997829999920214	23	SHINEd_008_y_m_a_a.jpg
700.869140625	0.0	20	n/a
702.16064453125	0.20000590000017837	24	SHINEd_008_y_m_a_a.jpg
702.27734375	0.0	20	n/a
703.619140625	0.20001330000013695	25	SHINEd_008_y_m_a_a.jpg
703.73583984375	0.0	20	n/a
705.05224609375	0.20000640000012027	26	SHINEd_031_y_m_a_b.jpg
705.1689453125	0.0	20	n/a
706.50244140625	0.1999735999997938	41	SHINEd_016_y_m_h_a.jpg
706.619140625	0.0	20	n/a
707.96923828125	0.199981800000387	32	SHINEd_016_y_m_h_b.jpg
708.0859375	0.0	20	n/a
709.4189453125	0.20000729999992473	43	SHINEd_016_y_m_h_a.jpg
709.53564453125	0.0	20	n/a
710.84423828125	0.20000770000092416	44	SHINEd_016_y_m_h_a.jpg
710.9609375	0.0	20	n/a
712.25244140625	0.20000720000098227	45	SHINEd_016_y_m_h_a.jpg
712.369140625	0.0	20	n/a
713.73583984375	0.20003109999925073	46	SHINEd_016_y_m_h_a.jpg
713.8525390625	0.0	20	n/a
715.15234375	0.199985100000049	47	SHINEd_020_y_f_h_a.jpg
715.26904296875	0.0	20	n/a
716.59423828125	0.19996240000000398	48	SHINEd_008_y_m_h_b.jpg
716.7109375	0.0	20	n/a
718.00244140625	0.1999735999997938	41	SHINEd_016_y_m_h_a.jpg
718.119140625	0.0	20	n/a
719.46923828125	0.19995170000038343	42	SHINEd_010_y_f_h_a.jpg
719.5859375	0.0	20	n/a
720.869140625	0.20000729999992473	43	SHINEd_016_y_m_h_a.jpg
720.98583984375	0.0	20	n/a
722.3193359375	0.20000770000092416	44	SHINEd_016_y_m_h_a.jpg
722.43603515625	0.0	20	n/a
723.71923828125	0.20000720000098227	45	SHINEd_016_y_m_h_a.jpg
723.8359375	0.0	20	n/a
725.16943359375	0.20003109999925073	46	SHINEd_016_y_m_h_a.jpg
725.2861328125	0.0	20	n/a
726.65283203125	0.19999480000092262	11	SHINEd_028_y_f_a_b.jpg
726.76953125	0.0	20	n/a
728.1025390625	0.20001249999950232	22	SHINEd_008_y_m_a_a.jpg
728.21923828125	0.0	20	n/a
729.54443359375	0.19997829999920214	23	SHINEd_008_y_m_a_a.jpg
729.6611328125	0.0	20	n/a
730.93603515625	0.20000590000017837	24	SHINEd_008_y_m_a_a.jpg
731.052734375	0.0	20	n/a
732.39453125	0.20001330000013695	25	SHINEd_008_y_m_a_a.jpg
732.51123046875	0.0	20	n/a
733.8779296875	0.20000640000012027	26	SHINEd_031_y_m_a_b.jpg
733.99462890625	0.0	20	n/a
735.302734375	0.20000690000074428	27	SHINEd_037_y_m_a_b.jpg
735.41943359375	0.0	20	n/a
736.7109375	0.19999819999975443	28	SHINEd_037_y_m_a_b.jpg
736.82763671875	0.0	20	n/a
738.11962890625	0.1999735999997938	41	SHINEd_016_y_m_h_a.jpg
738.236328125	0.0	20	n/a
739.552734375	0.19995170000038343	42	SHINEd_010_y_f_h_a.jpg
739.66943359375	0.0	20	n/a
741.04443359375	0.20000729999992473	43	SHINEd_016_y_m_h_a.jpg
741.1611328125	0.0	20	n/a
742.52783203125	0.20000770000092416	44	SHINEd_016_y_m_h_a.jpg
742.64453125	0.0	20	n/a
743.986328125	0.20000720000098227	45	SHINEd_016_y_m_h_a.jpg
744.10302734375	0.0	20	n/a
745.46142578125	0.1999735999997938	41	SHINEd_016_y_m_h_a.jpg
745.578125	0.0	20	n/a
746.919921875	0.19995170000038343	42	SHINEd_010_y_f_h_a.jpg
747.0361328125	0.0	20	n/a
748.3779296875	0.20000729999992473	43	SHINEd_016_y_m_h_a.jpg
748.5029296875	0.0	20	n/a
749.8115234375	0.20000770000092416	44	SHINEd_016_y_m_h_a.jpg
749.92822265625	0.0	20	n/a
751.2783203125	0.20000720000098227	45	SHINEd_016_y_m_h_a.jpg
751.39453125	0.0	20	n/a
752.71142578125	0.20003109999925073	46	SHINEd_016_y_m_h_a.jpg
752.828125	0.0	20	n/a
754.11962890625	0.1999735999997938	41	SHINEd_016_y_m_h_a.jpg
754.236328125	0.0	20	n/a
755.5947265625	0.19995170000038343	42	SHINEd_010_y_f_h_a.jpg
755.71142578125	0.0	20	n/a
757.078125	0.20000729999992473	43	SHINEd_016_y_m_h_a.jpg
757.19482421875	0.0	20	n/a
758.53662109375	0.20000770000092416	44	SHINEd_016_y_m_h_a.jpg
758.6533203125	0.0	20	n/a
759.98681640625	0.20000720000098227	45	SHINEd_016_y_m_h_a.jpg
760.10302734375	0.0	20	n/a
761.4033203125	0.20003109999925073	46	SHINEd_016_y_m_h_a.jpg
761.52001953125	0.0	20	n/a
762.89501953125	0.199985100000049	47	SHINEd_020_y_f_h_a.jpg
763.01171875	0.0	20	n/a
764.36181640625	0.1999735999997938	41	SHINEd_016_y_m_h_a.jpg
764.478515625	0.0	20	n/a
765.78662109375	0.19995170000038343	42	SHINEd_010_y_f_h_a.jpg
765.9033203125	0.0	20	n/a
767.2783203125	0.20000729999992473	43	SHINEd_016_y_m_h_a.jpg
767.39501953125	0.0	20	n/a
768.7119140625	0.20000770000092416	44	SHINEd_016_y_m_h_a.jpg
768.82861328125	0.0	20	n/a
770.1201171875	0.20000720000098227	45	SHINEd_016_y_m_h_a.jpg
770.23681640625	0.0	20	n/a
771.59521484375	0.20003109999925073	46	SHINEd_016_y_m_h_a.jpg
771.7119140625	0.0	20	n/a
772.9951171875	0.1999735999997938	41	SHINEd_016_y_m_h_a.jpg
773.11181640625	0.0	20	n/a
774.48681640625	0.19995170000038343	42	SHINEd_010_y_f_h_a.jpg
774.603515625	0.0	20	n/a
775.95361328125	0.20000729999992473	43	SHINEd_016_y_m_h_a.jpg
776.0703125	0.0	20	n/a
777.38671875	0.20001630000092518	34	SHINEd_016_y_m_h_b.jpg
777.50341796875	0.0	20	n/a
778.8369140625	0.20000720000098227	45	SHINEd_016_y_m_h_a.jpg
778.95361328125	0.0	20	n/a
780.2451171875	0.20003109999925073	46	SHINEd_016_y_m_h_a.jpg
780.36181640625	0.0	20	n/a
781.6953125	0.19999599999937345	21	SHINEd_008_y_m_a_a.jpg
781.81201171875	0.0	20	n/a
783.13720703125	0.20001249999950232	22	SHINEd_008_y_m_a_a.jpg
783.25341796875	0.0	20	n/a
784.5703125	0.19997829999920214	23	SHINEd_008_y_m_a_a.jpg
784.68701171875	0.0	20	n/a
786.04541015625	0.20000590000017837	24	SHINEd_008_y_m_a_a.jpg
786.162109375	0.0	20	n/a
787.4619140625	0.20001330000013695	25	SHINEd_008_y_m_a_a.jpg
787.57861328125	0.0	20	n/a
788.93701171875	0.20000640000012027	26	SHINEd_031_y_m_a_b.jpg
789.0537109375	0.0	20	n/a
790.353515625	0.1999735999997938	41	SHINEd_016_y_m_h_a.jpg
790.47021484375	0.0	20	n/a
791.82861328125	0.19995170000038343	42	SHINEd_010_y_f_h_a.jpg
791.9453125	0.0	20	n/a
793.2373046875	0.20000729999992473	43	SHINEd_016_y_m_h_a.jpg
793.3623046875	0.0	20	n/a
794.67041015625	0.20000770000092416	44	SHINEd_016_y_m_h_a.jpg
794.787109375	0.0	20	n/a
796.095703125	0.20000720000098227	45	SHINEd_016_y_m_h_a.jpg
796.21240234375	0.0	20	n/a
797.49560546875	0.20003109999925073	46	SHINEd_016_y_m_h_a.jpg
797.6123046875	0.0	20	n/a
798.94580078125	0.19999599999937345	21	SHINEd_008_y_m_a_a.jpg
799.06201171875	0.0	20	n/a
800.412109375	0.20001249999950232	22	SHINEd_008_y_m_a_a.jpg
800.52880859375	0.0	20	n/a
801.8125	0.19997829999920214	23	SHINEd_008_y_m_a_a.jpg
801.9287109375	0.0	20	n/a
803.30419921875	0.20000590000017837	24	SHINEd_008_y_m_a_a.jpg
803.42041015625	0.0	20	n/a
804.7373046875	0.20001330000013695	25	SHINEd_008_y_m_a_a.jpg
804.85400390625	0.0	20	n/a
806.19580078125	0.20000640000012027	26	SHINEd_031_y_m_a_b.jpg
806.3125	0.0	20	n/a
807.6123046875	0.20000690000074428	27	SHINEd_037_y_m_a_b.jpg
807.72900390625	0.0	20	n/a
809.02099609375	0.1999735999997938	41	SHINEd_016_y_m_h_a.jpg
809.13720703125	0.0	20	n/a
810.4375	0.19995170000038343	42	SHINEd_010_y_f_h_a.jpg
810.55419921875	0.0	20	n/a
811.85400390625	0.20000729999992473	43	SHINEd_016_y_m_h_a.jpg
811.970703125	0.0	20	n/a
813.33740234375	0.20001630000092518	34	SHINEd_016_y_m_h_b.jpg
813.4541015625	0.0	20	n/a
814.8291015625	0.20000720000098227	45	SHINEd_016_y_m_h_a.jpg
814.9541015625	0.0	20	n/a
816.3291015625	0.20003109999925073	46	SHINEd_016_y_m_h_a.jpg
816.44580078125	0.0	20	n/a
817.5625	0.0	200	n/a
854.87158203125	0.199981800000387	32	SHINEd_016_y_m_h_b.jpg
854.9716796875	0.0	20	n/a
856.29638671875	0.20000729999992473	43	SHINEd_016_y_m_h_a.jpg
856.4130859375	0.0	20	n/a
857.705078125	0.20000770000092416	44	SHINEd_016_y_m_h_a.jpg
857.82177734375	0.0	20	n/a
859.12158203125	0.20000720000098227	45	SHINEd_016_y_m_h_a.jpg
859.23828125	0.0	20	n/a
860.521484375	0.19999480000092262	11	SHINEd_028_y_f_a_b.jpg
860.63818359375	0.0	20	n/a
861.9716796875	0.20001249999950232	22	SHINEd_008_y_m_a_a.jpg
862.08837890625	0.0	20	n/a
863.40478515625	0.19997829999920214	23	SHINEd_008_y_m_a_a.jpg
863.521484375	0.0	20	n/a
864.86328125	0.20000590000017837	24	SHINEd_008_y_m_a_a.jpg
864.97998046875	0.0	20	n/a
866.33837890625	0.20001330000013695	25	SHINEd_008_y_m_a_a.jpg
866.455078125	0.0	20	n/a
867.7802734375	0.19999599999937345	21	SHINEd_008_y_m_a_a.jpg
867.89697265625	0.0	20	n/a
869.2216796875	0.200000900000191	12	SHINEd_037_y_m_a_b.jpg
869.33837890625	0.0	20	n/a
870.61328125	0.19997829999920214	23	SHINEd_008_y_m_a_a.jpg
870.72998046875	0.0	20	n/a
872.013671875	0.20001849999960086	14	SHINEd_037_y_m_a_b.jpg
872.13037109375	0.0	20	n/a
873.421875	0.20001330000013695	25	SHINEd_008_y_m_a_a.jpg
873.53857421875	0.0	20	n/a
874.89697265625	0.20000640000012027	26	SHINEd_031_y_m_a_b.jpg
875.013671875	0.0	20	n/a
876.30517578125	0.19999599999937345	21	SHINEd_008_y_m_a_a.jpg
876.421875	0.0	20	n/a
877.7216796875	0.20001249999950232	22	SHINEd_008_y_m_a_a.jpg
877.83837890625	0.0	20	n/a
879.19677734375	0.19997829999920214	23	SHINEd_008_y_m_a_a.jpg
879.3134765625	0.0	20	n/a
880.671875	0.20000590000017837	24	SHINEd_008_y_m_a_a.jpg
880.78857421875	0.0	20	n/a
882.1220703125	0.20001330000013695	25	SHINEd_008_y_m_a_a.jpg
882.23876953125	0.0	20	n/a
883.58056640625	0.20000640000012027	26	SHINEd_031_y_m_a_b.jpg
883.70556640625	0.0	20	n/a
885.00537109375	0.1999735999997938	41	SHINEd_016_y_m_h_a.jpg
885.1220703125	0.0	20	n/a
886.48876953125	0.19995170000038343	42	SHINEd_010_y_f_h_a.jpg
886.60546875	0.0	20	n/a
887.97216796875	0.20000729999992473	43	SHINEd_016_y_m_h_a.jpg
888.0888671875	0.0	20	n/a
889.3720703125	0.20000770000092416	44	SHINEd_016_y_m_h_a.jpg
889.48876953125	0.0	20	n/a
890.86376953125	0.20000720000098227	45	SHINEd_016_y_m_h_a.jpg
890.98046875	0.0	20	n/a
892.322265625	0.19997929999954067	36	SHINEd_025_y_m_h_b.jpg
892.43896484375	0.0	20	n/a
893.75537109375	0.19999599999937345	21	SHINEd_008_y_m_a_a.jpg
893.8720703125	0.0	20	n/a
895.1806640625	0.20001249999950232	22	SHINEd_008_y_m_a_a.jpg
895.29736328125	0.0	20	n/a
896.5888671875	0.19997829999920214	23	SHINEd_008_y_m_a_a.jpg
896.70556640625	0.0	20	n/a
898.072265625	0.20000590000017837	24	SHINEd_008_y_m_a_a.jpg
898.18896484375	0.0	20	n/a
899.5224609375	0.20001330000013695	25	SHINEd_008_y_m_a_a.jpg
899.63916015625	0.0	20	n/a
901.01416015625	0.1999735999997938	41	SHINEd_016_y_m_h_a.jpg
901.130859375	0.0	20	n/a
902.4638671875	0.19995170000038343	42	SHINEd_010_y_f_h_a.jpg
902.58056640625	0.0	20	n/a
903.9140625	0.20000729999992473	43	SHINEd_016_y_m_h_a.jpg
904.03076171875	0.0	20	n/a
905.40576171875	0.20000770000092416	44	SHINEd_016_y_m_h_a.jpg
905.5224609375	0.0	20	n/a
906.87255859375	0.20000720000098227	45	SHINEd_016_y_m_h_a.jpg
906.9892578125	0.0	20	n/a
908.3388671875	0.20003109999925073	46	SHINEd_016_y_m_h_a.jpg
908.45556640625	0.0	20	n/a
909.81396484375	0.199985100000049	47	SHINEd_020_y_f_h_a.jpg
909.9306640625	0.0	20	n/a
911.255859375	0.19999599999937345	21	SHINEd_008_y_m_a_a.jpg
911.37255859375	0.0	20	n/a
912.65576171875	0.20001249999950232	22	SHINEd_008_y_m_a_a.jpg
912.7724609375	0.0	20	n/a
914.13916015625	0.19997829999920214	23	SHINEd_008_y_m_a_a.jpg
914.255859375	0.0	20	n/a
915.58935546875	0.20000590000017837	24	SHINEd_008_y_m_a_a.jpg
915.7060546875	0.0	20	n/a
917.005859375	0.20001330000013695	25	SHINEd_008_y_m_a_a.jpg
917.12255859375	0.0	20	n/a
918.43115234375	0.20000640000012027	26	SHINEd_031_y_m_a_b.jpg
918.54736328125	0.0	20	n/a
919.92236328125	0.1999735999997938	41	SHINEd_016_y_m_h_a.jpg
920.0390625	0.0	20	n/a
921.34765625	0.19995170000038343	42	SHINEd_010_y_f_h_a.jpg
921.46435546875	0.0	20	n/a
922.83935546875	0.20000729999992473	43	SHINEd_016_y_m_h_a.jpg
922.9560546875	0.0	20	n/a
924.2978515625	0.20000770000092416	44	SHINEd_016_y_m_h_a.jpg
924.41455078125	0.0	20	n/a
925.74755859375	0.20000720000098227	45	SHINEd_016_y_m_h_a.jpg
925.8642578125	0.0	20	n/a
927.2392578125	0.20003109999925073	46	SHINEd_016_y_m_h_a.jpg
927.35595703125	0.0	20	n/a
928.6728515625	0.1999735999997938	41	SHINEd_016_y_m_h_a.jpg
928.78125	0.0	20	n/a
930.12255859375	0.19995170000038343	42	SHINEd_010_y_f_h_a.jpg
930.2392578125	0.0	20	n/a
931.6142578125	0.20000729999992473	43	SHINEd_016_y_m_h_a.jpg
931.73095703125	0.0	20	n/a
933.0810546875	0.20000770000092416	44	SHINEd_016_y_m_h_a.jpg
933.19775390625	0.0	20	n/a
934.57275390625	0.20000720000098227	45	SHINEd_016_y_m_h_a.jpg
934.689453125	0.0	20	n/a
936.05615234375	0.19999599999937345	21	SHINEd_008_y_m_a_a.jpg
936.1728515625	0.0	20	n/a
937.4560546875	0.20001249999950232	22	SHINEd_008_y_m_a_a.jpg
937.57275390625	0.0	20	n/a
938.88134765625	0.19997829999920214	23	SHINEd_008_y_m_a_a.jpg
938.998046875	0.0	20	n/a
940.373046875	0.20000590000017837	24	SHINEd_008_y_m_a_a.jpg
940.48974609375	0.0	20	n/a
941.84814453125	0.20001330000013695	25	SHINEd_008_y_m_a_a.jpg
941.96484375	0.0	20	n/a
943.2646484375	0.20000640000012027	26	SHINEd_031_y_m_a_b.jpg
943.38134765625	0.0	20	n/a
944.73974609375	0.20000690000074428	27	SHINEd_037_y_m_a_b.jpg
944.8564453125	0.0	20	n/a
946.1396484375	0.1999735999997938	41	SHINEd_016_y_m_h_a.jpg
946.25634765625	0.0	20	n/a
947.623046875	0.19995170000038343	42	SHINEd_010_y_f_h_a.jpg
947.73974609375	0.0	20	n/a
949.02294921875	0.20000729999992473	43	SHINEd_016_y_m_h_a.jpg
949.1396484375	0.0	20	n/a
950.431640625	0.20001630000092518	34	SHINEd_016_y_m_h_b.jpg
950.54833984375	0.0	20	n/a
951.8896484375	0.20000720000098227	45	SHINEd_016_y_m_h_a.jpg
952.00634765625	0.0	20	n/a
953.33984375	0.1999735999997938	41	SHINEd_016_y_m_h_a.jpg
953.45654296875	0.0	20	n/a
954.75634765625	0.19995170000038343	42	SHINEd_010_y_f_h_a.jpg
954.873046875	0.0	20	n/a
956.21484375	0.20000729999992473	43	SHINEd_016_y_m_h_a.jpg
956.33154296875	0.0	20	n/a
957.6650390625	0.20001630000092518	34	SHINEd_016_y_m_h_b.jpg
957.78173828125	0.0	20	n/a
959.14013671875	0.20000720000098227	45	SHINEd_016_y_m_h_a.jpg
959.2568359375	0.0	20	n/a
960.59814453125	0.19999599999937345	21	SHINEd_008_y_m_a_a.jpg
960.71484375	0.0	20	n/a
962.08984375	0.20001249999950232	22	SHINEd_008_y_m_a_a.jpg
962.20654296875	0.0	20	n/a
963.56494140625	0.19997829999920214	23	SHINEd_008_y_m_a_a.jpg
963.681640625	0.0	20	n/a
965.0400390625	0.20000590000017837	24	SHINEd_008_y_m_a_a.jpg
965.15673828125	0.0	20	n/a
966.49853515625	0.20001330000013695	25	SHINEd_008_y_m_a_a.jpg
966.615234375	0.0	20	n/a
967.9482421875	0.20000640000012027	26	SHINEd_031_y_m_a_b.jpg
968.06494140625	0.0	20	n/a
969.3486328125	0.20000690000074428	27	SHINEd_037_y_m_a_b.jpg
969.46533203125	0.0	20	n/a
970.79833984375	0.19999599999937345	21	SHINEd_008_y_m_a_a.jpg
970.9150390625	0.0	20	n/a
972.2734375	0.20001249999950232	22	SHINEd_008_y_m_a_a.jpg
972.39013671875	0.0	20	n/a
973.7236328125	0.19997829999920214	23	SHINEd_008_y_m_a_a.jpg
973.84033203125	0.0	20	n/a
975.1318359375	0.20000590000017837	24	SHINEd_008_y_m_a_a.jpg
975.24853515625	0.0	20	n/a
976.57373046875	0.20001330000013695	25	SHINEd_008_y_m_a_a.jpg
976.6904296875	0.0	20	n/a
978.01513671875	0.1999735999997938	41	SHINEd_016_y_m_h_a.jpg
978.1318359375	0.0	20	n/a
979.4404296875	0.19995170000038343	42	SHINEd_010_y_f_h_a.jpg
979.55712890625	0.0	20	n/a
980.8818359375	0.20000729999992473	43	SHINEd_016_y_m_h_a.jpg
980.99853515625	0.0	20	n/a
982.34033203125	0.20000770000092416	44	SHINEd_016_y_m_h_a.jpg
982.45703125	0.0	20	n/a
983.83203125	0.20000720000098227	45	SHINEd_016_y_m_h_a.jpg
983.94873046875	0.0	20	n/a
985.29052734375	0.1999735999997938	41	SHINEd_016_y_m_h_a.jpg
985.4072265625	0.0	20	n/a
986.7236328125	0.19995170000038343	42	SHINEd_010_y_f_h_a.jpg
986.84033203125	0.0	20	n/a
988.140625	0.20000729999992473	43	SHINEd_016_y_m_h_a.jpg
988.25732421875	0.0	20	n/a
989.55712890625	0.20000770000092416	44	SHINEd_016_y_m_h_a.jpg
989.673828125	0.0	20	n/a
990.96533203125	0.20000720000098227	45	SHINEd_016_y_m_h_a.jpg
991.08203125	0.0	20	n/a
992.4404296875	0.20003109999925073	46	SHINEd_016_y_m_h_a.jpg
992.55712890625	0.0	20	n/a
993.857421875	0.199985100000049	47	SHINEd_020_y_f_h_a.jpg
993.9736328125	0.0	20	n/a
995.2822265625	0.19999599999937345	21	SHINEd_008_y_m_a_a.jpg
995.39892578125	0.0	20	n/a
996.77392578125	0.20001249999950232	22	SHINEd_008_y_m_a_a.jpg
996.890625	0.0	20	n/a
998.20751953125	0.19997829999920214	23	SHINEd_008_y_m_a_a.jpg
998.32373046875	0.0	20	n/a
999.63232421875	0.20000590000017837	24	SHINEd_008_y_m_a_a.jpg
999.7490234375	0.0	20	n/a
1001.0322265625	0.20001330000013695	25	SHINEd_008_y_m_a_a.jpg
1001.14892578125	0.0	20	n/a
1002.50732421875	0.20000640000012027	26	SHINEd_031_y_m_a_b.jpg
1002.6240234375	0.0	20	n/a
1003.9072265625	0.19999599999937345	21	SHINEd_008_y_m_a_a.jpg
1004.02392578125	0.0	20	n/a
1005.36572265625	0.20001249999950232	22	SHINEd_008_y_m_a_a.jpg
1005.482421875	0.0	20	n/a
1006.8076171875	0.19997829999920214	23	SHINEd_008_y_m_a_a.jpg
1006.92431640625	0.0	20	n/a
1008.24072265625	0.20000590000017837	24	SHINEd_008_y_m_a_a.jpg
1008.357421875	0.0	20	n/a
1009.666015625	0.20001330000013695	25	SHINEd_008_y_m_a_a.jpg
1009.7822265625	0.0	20	n/a
1011.11572265625	0.20000640000012027	26	SHINEd_031_y_m_a_b.jpg
1011.232421875	0.0	20	n/a
1012.57421875	0.1999735999997938	41	SHINEd_016_y_m_h_a.jpg
1012.69091796875	0.0	20	n/a
1014.041015625	0.19995170000038343	42	SHINEd_010_y_f_h_a.jpg
1014.15771484375	0.0	20	n/a
1015.4990234375	0.20000729999992473	43	SHINEd_016_y_m_h_a.jpg
1015.61572265625	0.0	20	n/a
1016.916015625	0.20000770000092416	44	SHINEd_016_y_m_h_a.jpg
1017.041015625	0.0	20	n/a
1018.3994140625	0.20000720000098227	45	SHINEd_016_y_m_h_a.jpg
1018.51611328125	0.0	20	n/a
1019.8076171875	0.20003109999925073	46	SHINEd_016_y_m_h_a.jpg
1019.92431640625	0.0	20	n/a
1021.291015625	0.19999599999937345	21	SHINEd_008_y_m_a_a.jpg
1021.40771484375	0.0	20	n/a
1022.72412109375	0.20001249999950232	22	SHINEd_008_y_m_a_a.jpg
1022.8408203125	0.0	20	n/a
1024.1494140625	0.2000028000002203	13	SHINEd_020_y_f_a_b.jpg
1024.26611328125	0.0	20	n/a
1025.6162109375	0.20000590000017837	24	SHINEd_008_y_m_a_a.jpg
1025.73291015625	0.0	20	n/a
1027.08251953125	0.20001330000013695	25	SHINEd_008_y_m_a_a.jpg
1027.19970703125	0.0	20	n/a
1028.57421875	0.20000640000012027	26	SHINEd_031_y_m_a_b.jpg
1028.69091796875	0.0	20	n/a
1029.99951171875	0.1999735999997938	41	SHINEd_016_y_m_h_a.jpg
1030.12451171875	0.0	20	n/a
1031.44091796875	0.19995170000038343	42	SHINEd_010_y_f_h_a.jpg
1031.5576171875	0.0	20	n/a
1032.849609375	0.20000440000148956	33	SHINEd_016_y_m_h_b.jpg
1032.96630859375	0.0	20	n/a
1034.2744140625	0.20000770000092416	44	SHINEd_016_y_m_h_a.jpg
1034.39111328125	0.0	20	n/a
1035.7080078125	0.20000720000098227	45	SHINEd_016_y_m_h_a.jpg
1035.82470703125	0.0	20	n/a
1037.19140625	0.19997929999954067	36	SHINEd_025_y_m_h_b.jpg
1037.30810546875	0.0	20	n/a
1038.6748046875	0.199985100000049	47	SHINEd_020_y_f_h_a.jpg
1038.79150390625	0.0	20	n/a
1040.0830078125	0.1999735999997938	41	SHINEd_016_y_m_h_a.jpg
1040.19970703125	0.0	20	n/a
1041.48291015625	0.19995170000038343	42	SHINEd_010_y_f_h_a.jpg
1041.599609375	0.0	20	n/a
1042.8828125	0.20000729999992473	43	SHINEd_016_y_m_h_a.jpg
1042.99951171875	0.0	20	n/a
1044.34130859375	0.20000770000092416	44	SHINEd_016_y_m_h_a.jpg
1044.4580078125	0.0	20	n/a
1045.7578125	0.20000720000098227	45	SHINEd_016_y_m_h_a.jpg
1045.87451171875	0.0	20	n/a
1047.21630859375	0.19999599999937345	21	SHINEd_008_y_m_a_a.jpg
1047.3330078125	0.0	20	n/a
1048.7080078125	0.20001249999950232	22	SHINEd_008_y_m_a_a.jpg
1048.82470703125	0.0	20	n/a
1050.19970703125	0.19997829999920214	23	SHINEd_008_y_m_a_a.jpg
1050.31640625	0.0	20	n/a
1051.63330078125	0.20000590000017837	24	SHINEd_008_y_m_a_a.jpg
1051.75	0.0	20	n/a
1053.099609375	0.20001330000013695	25	SHINEd_008_y_m_a_a.jpg
1053.21630859375	0.0	20	n/a
1054.533203125	0.1999735999997938	41	SHINEd_016_y_m_h_a.jpg
1054.64990234375	0.0	20	n/a
1055.93310546875	0.19995170000038343	42	SHINEd_010_y_f_h_a.jpg
1056.0498046875	0.0	20	n/a
1057.3916015625	0.20000729999992473	43	SHINEd_016_y_m_h_a.jpg
1057.50830078125	0.0	20	n/a
1058.875	0.20000770000092416	44	SHINEd_016_y_m_h_a.jpg
1058.99169921875	0.0	20	n/a
1060.36669921875	0.20000720000098227	45	SHINEd_016_y_m_h_a.jpg
1060.4833984375	0.0	20	n/a
1061.783203125	0.19999599999937345	21	SHINEd_008_y_m_a_a.jpg
1061.89990234375	0.0	20	n/a
1063.19189453125	0.20001249999950232	22	SHINEd_008_y_m_a_a.jpg
1063.30859375	0.0	20	n/a
1064.68359375	0.2000028000002203	13	SHINEd_020_y_f_a_b.jpg
1064.80859375	0.0	20	n/a
1066.10009765625	0.20000590000017837	24	SHINEd_008_y_m_a_a.jpg
1066.216796875	0.0	20	n/a
1067.5751953125	0.20002389999922343	15	SHINEd_020_y_f_a_a.jpg
1067.69189453125	0.0	20	n/a
1069.02490234375	0.20000640000012027	26	SHINEd_031_y_m_a_b.jpg
1069.1416015625	0.0	20	n/a
1070.45849609375	0.1999735999997938	41	SHINEd_016_y_m_h_a.jpg
1070.5751953125	0.0	20	n/a
1071.90869140625	0.19995170000038343	42	SHINEd_010_y_f_h_a.jpg
1072.025390625	0.0	20	n/a
1073.33349609375	0.20000729999992473	43	SHINEd_016_y_m_h_a.jpg
1073.4501953125	0.0	20	n/a
1074.74169921875	0.20000770000092416	44	SHINEd_016_y_m_h_a.jpg
1074.8583984375	0.0	20	n/a
1076.1669921875	0.20000720000098227	45	SHINEd_016_y_m_h_a.jpg
1076.28369140625	0.0	20	n/a
1077.64208984375	0.19999599999937345	21	SHINEd_008_y_m_a_a.jpg
1077.7587890625	0.0	20	n/a
1079.0419921875	0.20001249999950232	22	SHINEd_008_y_m_a_a.jpg
1079.15869140625	0.0	20	n/a
1080.53369140625	0.19997829999920214	23	SHINEd_008_y_m_a_a.jpg
1080.650390625	0.0	20	n/a
1082.00048828125	0.20000590000017837	24	SHINEd_008_y_m_a_a.jpg
1082.1171875	0.0	20	n/a
1083.400390625	0.20001330000013695	25	SHINEd_008_y_m_a_a.jpg
1083.51708984375	0.0	20	n/a
1084.87548828125	0.1999735999997938	41	SHINEd_016_y_m_h_a.jpg
1084.9921875	0.0	20	n/a
1086.30029296875	0.19995170000038343	42	SHINEd_010_y_f_h_a.jpg
1086.4169921875	0.0	20	n/a
1087.7421875	0.20000729999992473	43	SHINEd_016_y_m_h_a.jpg
1087.85888671875	0.0	20	n/a
1089.20068359375	0.20000770000092416	44	SHINEd_016_y_m_h_a.jpg
1089.31689453125	0.0	20	n/a
1090.65869140625	0.20000720000098227	45	SHINEd_016_y_m_h_a.jpg
1090.775390625	0.0	20	n/a
1092.05908203125	0.20003109999925073	46	SHINEd_016_y_m_h_a.jpg
1092.17529296875	0.0	20	n/a
1093.4755859375	0.199985100000049	47	SHINEd_020_y_f_h_a.jpg
1093.59228515625	0.0	20	n/a
1094.93408203125	0.1999735999997938	41	SHINEd_016_y_m_h_a.jpg
1095.05078125	0.0	20	n/a
1096.40869140625	0.19995170000038343	42	SHINEd_010_y_f_h_a.jpg
1096.525390625	0.0	20	n/a
1097.84228515625	0.20000440000148956	33	SHINEd_016_y_m_h_b.jpg
1097.958984375	0.0	20	n/a
1099.30908203125	0.20000770000092416	44	SHINEd_016_y_m_h_a.jpg
1099.42578125	0.0	20	n/a
1100.71728515625	0.20000720000098227	45	SHINEd_016_y_m_h_a.jpg
1100.833984375	0.0	20	n/a
1102.1337890625	0.20003109999925073	46	SHINEd_016_y_m_h_a.jpg
1102.25048828125	0.0	20	n/a
1103.59228515625	0.199985100000049	47	SHINEd_020_y_f_h_a.jpg
1103.708984375	0.0	20	n/a
1105.07568359375	0.1999735999997938	41	SHINEd_016_y_m_h_a.jpg
1105.1923828125	0.0	20	n/a
1106.4921875	0.19995170000038343	42	SHINEd_010_y_f_h_a.jpg
1106.60888671875	0.0	20	n/a
1107.892578125	0.20000729999992473	43	SHINEd_016_y_m_h_a.jpg
1108.00927734375	0.0	20	n/a
1109.34228515625	0.20000770000092416	44	SHINEd_016_y_m_h_a.jpg
1109.458984375	0.0	20	n/a
1110.80078125	0.20000720000098227	45	SHINEd_016_y_m_h_a.jpg
1110.91748046875	0.0	20	n/a
1112.29248046875	0.19999599999937345	21	SHINEd_008_y_m_a_a.jpg
1112.4091796875	0.0	20	n/a
1113.71728515625	0.20001249999950232	22	SHINEd_008_y_m_a_a.jpg
1113.833984375	0.0	20	n/a
1115.16748046875	0.2000028000002203	13	SHINEd_020_y_f_a_b.jpg
1115.2841796875	0.0	20	n/a
1116.6591796875	0.20000590000017837	24	SHINEd_008_y_m_a_a.jpg
1116.77587890625	0.0	20	n/a
1118.10107421875	0.20001330000013695	25	SHINEd_008_y_m_a_a.jpg
1118.2177734375	0.0	20	n/a
1119.576171875	0.19999599999937345	21	SHINEd_008_y_m_a_a.jpg
1119.6923828125	0.0	20	n/a
1121.04248046875	0.20001249999950232	22	SHINEd_008_y_m_a_a.jpg
1121.1591796875	0.0	20	n/a
1122.45947265625	0.19997829999920214	23	SHINEd_008_y_m_a_a.jpg
1122.576171875	0.0	20	n/a
1123.8759765625	0.20000590000017837	24	SHINEd_008_y_m_a_a.jpg
1123.99267578125	0.0	20	n/a
1125.326171875	0.20001330000013695	25	SHINEd_008_y_m_a_a.jpg
1125.44287109375	0.0	20	n/a
1126.8095703125	0.20000640000012027	26	SHINEd_031_y_m_a_b.jpg
1126.92626953125	0.0	20	n/a
1128.2509765625	0.1999735999997938	41	SHINEd_016_y_m_h_a.jpg
1128.36767578125	0.0	20	n/a
1129.65966796875	0.19995170000038343	42	SHINEd_010_y_f_h_a.jpg
1129.77587890625	0.0	20	n/a
1131.1513671875	0.20000729999992473	43	SHINEd_016_y_m_h_a.jpg
1131.267578125	0.0	20	n/a
1132.55126953125	0.20000770000092416	44	SHINEd_016_y_m_h_a.jpg
1132.66796875	0.0	20	n/a
1133.951171875	0.20000720000098227	45	SHINEd_016_y_m_h_a.jpg
1134.06787109375	0.0	20	n/a
1135.42626953125	0.20003109999925073	46	SHINEd_016_y_m_h_a.jpg
1135.54296875	0.0	20	n/a
1136.884765625	0.19999599999937345	21	SHINEd_008_y_m_a_a.jpg
1137.00146484375	0.0	20	n/a
1138.3681640625	0.20001249999950232	22	SHINEd_008_y_m_a_a.jpg
1138.484375	0.0	20	n/a
1139.80126953125	0.19997829999920214	23	SHINEd_008_y_m_a_a.jpg
1139.91796875	0.0	20	n/a
1141.29296875	0.20000590000017837	24	SHINEd_008_y_m_a_a.jpg
1141.40966796875	0.0	20	n/a
1142.69287109375	0.20001330000013695	25	SHINEd_008_y_m_a_a.jpg
1142.8095703125	0.0	20	n/a
1144.08447265625	0.20000640000012027	26	SHINEd_031_y_m_a_b.jpg
1144.201171875	0.0	20	n/a
1145.51806640625	0.1999735999997938	41	SHINEd_016_y_m_h_a.jpg
1145.634765625	0.0	20	n/a
1147.009765625	0.19995170000038343	42	SHINEd_010_y_f_h_a.jpg
1147.12646484375	0.0	20	n/a
1148.46826171875	0.20000729999992473	43	SHINEd_016_y_m_h_a.jpg
1148.5849609375	0.0	20	n/a
1149.90966796875	0.20000770000092416	44	SHINEd_016_y_m_h_a.jpg
1150.0263671875	0.0	20	n/a
1151.384765625	0.20000720000098227	45	SHINEd_016_y_m_h_a.jpg
1151.50146484375	0.0	20	n/a
1152.84326171875	0.20003109999925073	46	SHINEd_016_y_m_h_a.jpg
1152.9599609375	0.0	20	n/a
1154.32666015625	0.19999599999937345	21	SHINEd_008_y_m_a_a.jpg
1154.443359375	0.0	20	n/a
1155.7265625	0.20001249999950232	22	SHINEd_008_y_m_a_a.jpg
1155.84326171875	0.0	20	n/a
1157.20166015625	0.19997829999920214	23	SHINEd_008_y_m_a_a.jpg
1157.318359375	0.0	20	n/a
1158.68505859375	0.20000590000017837	24	SHINEd_008_y_m_a_a.jpg
1158.8017578125	0.0	20	n/a
1160.16015625	0.20001330000013695	25	SHINEd_008_y_m_a_a.jpg
1160.27685546875	0.0	20	n/a
1161.62646484375	0.20000640000012027	26	SHINEd_031_y_m_a_b.jpg
1161.7431640625	0.0	20	n/a
1163.03515625	0.1999735999997938	41	SHINEd_016_y_m_h_a.jpg
1163.15185546875	0.0	20	n/a
1164.51025390625	0.19995170000038343	42	SHINEd_010_y_f_h_a.jpg
1164.626953125	0.0	20	n/a
1165.98486328125	0.20000729999992473	43	SHINEd_016_y_m_h_a.jpg
1166.1015625	0.0	20	n/a
1167.38525390625	0.20000770000092416	44	SHINEd_016_y_m_h_a.jpg
1167.501953125	0.0	20	n/a
1168.78515625	0.20000720000098227	45	SHINEd_016_y_m_h_a.jpg
1168.90185546875	0.0	20	n/a
1170.2099609375	0.20003109999925073	46	SHINEd_016_y_m_h_a.jpg
1170.32666015625	0.0	20	n/a
1171.6103515625	0.199985100000049	47	SHINEd_020_y_f_h_a.jpg
1171.72705078125	0.0	20	n/a
1173.02685546875	0.19996240000000398	48	SHINEd_008_y_m_h_b.jpg
1173.1435546875	0.0	20	n/a
1174.52685546875	0.1999735999997938	41	SHINEd_016_y_m_h_a.jpg
1174.63525390625	0.0	20	n/a
1176.01025390625	0.199981800000387	32	SHINEd_016_y_m_h_b.jpg
1176.126953125	0.0	20	n/a
1177.41015625	0.20000729999992473	43	SHINEd_016_y_m_h_a.jpg
1177.52685546875	0.0	20	n/a
1178.6435546875	0.0	200	n/a
1278.86181640625	0.20000720000098227	45	SHINEd_016_y_m_h_a.jpg
1278.9619140625	0.0	20	n/a
1280.25341796875	0.20003109999925073	46	SHINEd_016_y_m_h_a.jpg
1280.3701171875	0.0	20	n/a
1281.6787109375	0.199985100000049	47	SHINEd_020_y_f_h_a.jpg
1281.79541015625	0.0	20	n/a
1283.103515625	0.19996240000000398	48	SHINEd_008_y_m_h_b.jpg
1283.22021484375	0.0	20	n/a
1284.54541015625	0.1999735999997938	41	SHINEd_016_y_m_h_a.jpg
1284.662109375	0.0	20	n/a
1286.0205078125	0.19995170000038343	42	SHINEd_010_y_f_h_a.jpg
1286.13720703125	0.0	20	n/a
1287.4287109375	0.20000729999992473	43	SHINEd_016_y_m_h_a.jpg
1287.54541015625	0.0	20	n/a
1288.85400390625	0.20000770000092416	44	SHINEd_016_y_m_h_a.jpg
1288.970703125	0.0	20	n/a
1290.3203125	0.20000720000098227	45	SHINEd_016_y_m_h_a.jpg
1290.43701171875	0.0	20	n/a
1291.7705078125	0.1999735999997938	41	SHINEd_016_y_m_h_a.jpg
1291.88720703125	0.0	20	n/a
1293.1787109375	0.19995170000038343	42	SHINEd_010_y_f_h_a.jpg
1293.29541015625	0.0	20	n/a
1294.5791015625	0.20000729999992473	43	SHINEd_016_y_m_h_a.jpg
1294.6953125	0.0	20	n/a
1296.0205078125	0.20000770000092416	44	SHINEd_016_y_m_h_a.jpg
1296.1455078125	0.0	20	n/a
1297.4873046875	0.20000720000098227	45	SHINEd_016_y_m_h_a.jpg
1297.60400390625	0.0	20	n/a
1298.88720703125	0.20003109999925073	46	SHINEd_016_y_m_h_a.jpg
1299.00390625	0.0	20	n/a
1300.33740234375	0.1999735999997938	41	SHINEd_016_y_m_h_a.jpg
1300.4541015625	0.0	20	n/a
1301.8291015625	0.19995170000038343	42	SHINEd_010_y_f_h_a.jpg
1301.94580078125	0.0	20	n/a
1303.2373046875	0.20000729999992473	43	SHINEd_016_y_m_h_a.jpg
1303.35400390625	0.0	20	n/a
1304.6708984375	0.20000770000092416	44	SHINEd_016_y_m_h_a.jpg
1304.78759765625	0.0	20	n/a
1306.08740234375	0.20000720000098227	45	SHINEd_016_y_m_h_a.jpg
1306.2041015625	0.0	20	n/a
1307.52099609375	0.1999735999997938	41	SHINEd_016_y_m_h_a.jpg
1307.63720703125	0.0	20	n/a
1308.9873046875	0.19995170000038343	42	SHINEd_010_y_f_h_a.jpg
1309.10400390625	0.0	20	n/a
1310.4541015625	0.20000729999992473	43	SHINEd_016_y_m_h_a.jpg
1310.57080078125	0.0	20	n/a
1311.8876953125	0.20000770000092416	44	SHINEd_016_y_m_h_a.jpg
1312.00439453125	0.0	20	n/a
1313.37060546875	0.20000720000098227	45	SHINEd_016_y_m_h_a.jpg
1313.4873046875	0.0	20	n/a
1314.85400390625	0.19999599999937345	21	SHINEd_008_y_m_a_a.jpg
1314.970703125	0.0	20	n/a
1316.33740234375	0.20001249999950232	22	SHINEd_008_y_m_a_a.jpg
1316.4541015625	0.0	20	n/a
1317.73779296875	0.19997829999920214	23	SHINEd_008_y_m_a_a.jpg
1317.8544921875	0.0	20	n/a
1319.1376953125	0.20000590000017837	24	SHINEd_008_y_m_a_a.jpg
1319.25439453125	0.0	20	n/a
1320.5458984375	0.20001330000013695	25	SHINEd_008_y_m_a_a.jpg
1320.66259765625	0.0	20	n/a
1322.00439453125	0.20000640000012027	26	SHINEd_031_y_m_a_b.jpg
1322.12109375	0.0	20	n/a
1323.41259765625	0.19999599999937345	21	SHINEd_008_y_m_a_a.jpg
1323.529296875	0.0	20	n/a
1324.87939453125	0.20001249999950232	22	SHINEd_008_y_m_a_a.jpg
1324.99609375	0.0	20	n/a
1326.279296875	0.19997829999920214	23	SHINEd_008_y_m_a_a.jpg
1326.404296875	0.0	20	n/a
1327.72119140625	0.20000590000017837	24	SHINEd_008_y_m_a_a.jpg
1327.837890625	0.0	20	n/a
1329.18798828125	0.20001330000013695	25	SHINEd_008_y_m_a_a.jpg
1329.3046875	0.0	20	n/a
1330.62109375	0.20000640000012027	26	SHINEd_031_y_m_a_b.jpg
1330.73779296875	0.0	20	n/a
1332.09619140625	0.20000690000074428	27	SHINEd_037_y_m_a_b.jpg
1332.212890625	0.0	20	n/a
1333.56298828125	0.1999735999997938	41	SHINEd_016_y_m_h_a.jpg
1333.6796875	0.0	20	n/a
1335.00439453125	0.19995170000038343	42	SHINEd_010_y_f_h_a.jpg
1335.12109375	0.0	20	n/a
1336.49609375	0.20000729999992473	43	SHINEd_016_y_m_h_a.jpg
1336.61279296875	0.0	20	n/a
1337.90478515625	0.20000770000092416	44	SHINEd_016_y_m_h_a.jpg
1338.021484375	0.0	20	n/a
1339.34619140625	0.20000720000098227	45	SHINEd_016_y_m_h_a.jpg
1339.462890625	0.0	20	n/a
1340.7880859375	0.20003109999925073	46	SHINEd_016_y_m_h_a.jpg
1340.90478515625	0.0	20	n/a
1342.1796875	0.199985100000049	47	SHINEd_020_y_f_h_a.jpg
1342.29638671875	0.0	20	n/a
1343.63818359375	0.1999735999997938	41	SHINEd_016_y_m_h_a.jpg
1343.7548828125	0.0	20	n/a
1345.04638671875	0.19995170000038343	42	SHINEd_010_y_f_h_a.jpg
1345.1630859375	0.0	20	n/a
1346.51318359375	0.20000729999992473	43	SHINEd_016_y_m_h_a.jpg
1346.6298828125	0.0	20	n/a
1347.90478515625	0.20000770000092416	44	SHINEd_016_y_m_h_a.jpg
1348.021484375	0.0	20	n/a
1349.3466796875	0.20000720000098227	45	SHINEd_016_y_m_h_a.jpg
1349.462890625	0.0	20	n/a
1350.8212890625	0.20003109999925073	46	SHINEd_016_y_m_h_a.jpg
1350.93798828125	0.0	20	n/a
1352.31298828125	0.1999735999997938	41	SHINEd_016_y_m_h_a.jpg
1352.4296875	0.0	20	n/a
1353.74658203125	0.19995170000038343	42	SHINEd_010_y_f_h_a.jpg
1353.86328125	0.0	20	n/a
1355.13818359375	0.20000729999992473	43	SHINEd_016_y_m_h_a.jpg
1355.2548828125	0.0	20	n/a
1356.6298828125	0.20001630000092518	34	SHINEd_016_y_m_h_b.jpg
1356.74658203125	0.0	20	n/a
1357.2138671875	0.0	111	n/a
1358.12158203125	0.20000720000098227	45	SHINEd_016_y_m_h_a.jpg
1358.24658203125	0.0	20	n/a
1359.5966796875	0.20003109999925073	46	SHINEd_016_y_m_h_a.jpg
1359.71337890625	0.0	20	n/a
1361.05517578125	0.1999735999997938	41	SHINEd_016_y_m_h_a.jpg
1361.171875	0.0	20	n/a
1362.52978515625	0.19995170000038343	42	SHINEd_010_y_f_h_a.jpg
1362.646484375	0.0	20	n/a
1363.955078125	0.20000729999992473	43	SHINEd_016_y_m_h_a.jpg
1364.07177734375	0.0	20	n/a
1365.4052734375	0.20000770000092416	44	SHINEd_016_y_m_h_a.jpg
1365.521484375	0.0	20	n/a
1366.87158203125	0.20000720000098227	45	SHINEd_016_y_m_h_a.jpg
1366.98828125	0.0	20	n/a
1368.36328125	0.20003109999925073	46	SHINEd_016_y_m_h_a.jpg
1368.47998046875	0.0	20	n/a
1369.83837890625	0.19999599999937345	21	SHINEd_008_y_m_a_a.jpg
1369.955078125	0.0	20	n/a
1371.27197265625	0.20001249999950232	22	SHINEd_008_y_m_a_a.jpg
1371.388671875	0.0	20	n/a
1372.7470703125	0.19997829999920214	23	SHINEd_008_y_m_a_a.jpg
1372.86328125	0.0	20	n/a
1374.21337890625	0.20000590000017837	24	SHINEd_008_y_m_a_a.jpg
1374.330078125	0.0	20	n/a
1375.6552734375	0.20001330000013695	25	SHINEd_008_y_m_a_a.jpg
1375.77197265625	0.0	20	n/a
1377.0966796875	0.19999599999937345	21	SHINEd_008_y_m_a_a.jpg
1377.21337890625	0.0	20	n/a
1378.55517578125	0.20001249999950232	22	SHINEd_008_y_m_a_a.jpg
1378.671875	0.0	20	n/a
1380.046875	0.19997829999920214	23	SHINEd_008_y_m_a_a.jpg
1380.16357421875	0.0	20	n/a
1381.48046875	0.20000590000017837	24	SHINEd_008_y_m_a_a.jpg
1381.59716796875	0.0	20	n/a
1382.95556640625	0.20001330000013695	25	SHINEd_008_y_m_a_a.jpg
1383.07177734375	0.0	20	n/a
1384.39697265625	0.1999735999997938	41	SHINEd_016_y_m_h_a.jpg
1384.513671875	0.0	20	n/a
1385.86376953125	0.19995170000038343	42	SHINEd_010_y_f_h_a.jpg
1385.98046875	0.0	20	n/a
1387.34716796875	0.20000729999992473	43	SHINEd_016_y_m_h_a.jpg
1387.4638671875	0.0	20	n/a
1388.73876953125	0.20001630000092518	34	SHINEd_016_y_m_h_b.jpg
1388.85546875	0.0	20	n/a
1389.26416015625	0.0	111	n/a
1390.18896484375	0.20000720000098227	45	SHINEd_016_y_m_h_a.jpg
1390.3056640625	0.0	20	n/a
1391.6806640625	0.20003109999925073	46	SHINEd_016_y_m_h_a.jpg
1391.79736328125	0.0	20	n/a
1393.10546875	0.199985100000049	47	SHINEd_020_y_f_h_a.jpg
1393.22216796875	0.0	20	n/a
1394.53076171875	0.1999735999997938	41	SHINEd_016_y_m_h_a.jpg
1394.64697265625	0.0	20	n/a
1395.95556640625	0.19995170000038343	42	SHINEd_010_y_f_h_a.jpg
1396.072265625	0.0	20	n/a
1397.42236328125	0.20000729999992473	43	SHINEd_016_y_m_h_a.jpg
1397.5390625	0.0	20	n/a
1398.84716796875	0.20000770000092416	44	SHINEd_016_y_m_h_a.jpg
1398.9638671875	0.0	20	n/a
1400.3388671875	0.20000720000098227	45	SHINEd_016_y_m_h_a.jpg
1400.45556640625	0.0	20	n/a
1401.7724609375	0.20003109999925073	46	SHINEd_016_y_m_h_a.jpg
1401.88916015625	0.0	20	n/a
1403.1806640625	0.199985100000049	47	SHINEd_020_y_f_h_a.jpg
1403.29736328125	0.0	20	n/a
1404.6142578125	0.1999735999997938	41	SHINEd_016_y_m_h_a.jpg
1404.73095703125	0.0	20	n/a
1406.03076171875	0.19995170000038343	42	SHINEd_010_y_f_h_a.jpg
1406.1474609375	0.0	20	n/a
1407.447265625	0.20000729999992473	43	SHINEd_016_y_m_h_a.jpg
1407.56396484375	0.0	20	n/a
1408.9306640625	0.20000770000092416	44	SHINEd_016_y_m_h_a.jpg
1409.04736328125	0.0	20	n/a
1410.380859375	0.20000720000098227	45	SHINEd_016_y_m_h_a.jpg
1410.4892578125	0.0	20	n/a
1411.822265625	0.20003109999925073	46	SHINEd_016_y_m_h_a.jpg
1411.93896484375	0.0	20	n/a
1413.26416015625	0.20001310000020567	37	SHINEd_010_y_f_h_a.jpg
1413.38916015625	0.0	20	n/a
1413.6982421875	0.0	111	n/a
1414.755859375	0.19999599999937345	21	SHINEd_008_y_m_a_a.jpg
1414.87255859375	0.0	20	n/a
1416.15576171875	0.20001249999950232	22	SHINEd_008_y_m_a_a.jpg
1416.2724609375	0.0	20	n/a
1417.58935546875	0.19997829999920214	23	SHINEd_008_y_m_a_a.jpg
1417.7060546875	0.0	20	n/a
1419.064453125	0.20000590000017837	24	SHINEd_008_y_m_a_a.jpg
1419.18115234375	0.0	20	n/a
1420.49755859375	0.20001330000013695	25	SHINEd_008_y_m_a_a.jpg
1420.6142578125	0.0	20	n/a
1421.90576171875	0.20000640000012027	26	SHINEd_031_y_m_a_b.jpg
1422.0224609375	0.0	20	n/a
1423.33935546875	0.19999599999937345	21	SHINEd_008_y_m_a_a.jpg
1423.4560546875	0.0	20	n/a
1424.7978515625	0.20001249999950232	22	SHINEd_008_y_m_a_a.jpg
1424.91455078125	0.0	20	n/a
1426.24755859375	0.19997829999920214	23	SHINEd_008_y_m_a_a.jpg
1426.3642578125	0.0	20	n/a
1427.6728515625	0.20000590000017837	24	SHINEd_008_y_m_a_a.jpg
1427.78955078125	0.0	20	n/a
1429.15625	0.20001330000013695	25	SHINEd_008_y_m_a_a.jpg
1429.27294921875	0.0	20	n/a
1430.63134765625	0.20000640000012027	26	SHINEd_031_y_m_a_b.jpg
1430.748046875	0.0	20	n/a
1432.08935546875	0.20000690000074428	27	SHINEd_037_y_m_a_b.jpg
1432.2060546875	0.0	20	n/a
1433.5146484375	0.19999599999937345	21	SHINEd_008_y_m_a_a.jpg
1433.63134765625	0.0	20	n/a
1434.998046875	0.20001249999950232	22	SHINEd_008_y_m_a_a.jpg
1435.11474609375	0.0	20	n/a
1436.40625	0.19997829999920214	23	SHINEd_008_y_m_a_a.jpg
1436.52294921875	0.0	20	n/a
1437.8564453125	0.20000590000017837	24	SHINEd_008_y_m_a_a.jpg
1437.97314453125	0.0	20	n/a
1439.2978515625	0.20001330000013695	25	SHINEd_008_y_m_a_a.jpg
1439.41455078125	0.0	20	n/a
1440.75634765625	0.20000640000012027	26	SHINEd_031_y_m_a_b.jpg
1440.873046875	0.0	20	n/a
1442.1728515625	0.20000690000074428	27	SHINEd_037_y_m_a_b.jpg
1442.28955078125	0.0	20	n/a
1443.66455078125	0.19999599999937345	21	SHINEd_008_y_m_a_a.jpg
1443.78125	0.0	20	n/a
1445.08154296875	0.20001249999950232	22	SHINEd_008_y_m_a_a.jpg
1445.1982421875	0.0	20	n/a
1446.5732421875	0.19997829999920214	23	SHINEd_008_y_m_a_a.jpg
1446.68994140625	0.0	20	n/a
1448.056640625	0.20000590000017837	24	SHINEd_008_y_m_a_a.jpg
1448.1728515625	0.0	20	n/a
1449.45654296875	0.20001330000013695	25	SHINEd_008_y_m_a_a.jpg
1449.5732421875	0.0	20	n/a
1450.931640625	0.20000640000012027	26	SHINEd_031_y_m_a_b.jpg
1451.04833984375	0.0	20	n/a
1452.38134765625	0.1999735999997938	41	SHINEd_016_y_m_h_a.jpg
1452.498046875	0.0	20	n/a
1453.77294921875	0.19995170000038343	42	SHINEd_010_y_f_h_a.jpg
1453.8896484375	0.0	20	n/a
1455.21484375	0.20000729999992473	43	SHINEd_016_y_m_h_a.jpg
1455.33154296875	0.0	20	n/a
1456.623046875	0.20000770000092416	44	SHINEd_016_y_m_h_a.jpg
1456.73974609375	0.0	20	n/a
1458.08984375	0.20000720000098227	45	SHINEd_016_y_m_h_a.jpg
1458.20654296875	0.0	20	n/a
1459.556640625	0.20003109999925073	46	SHINEd_016_y_m_h_a.jpg
1459.681640625	0.0	20	n/a
1460.9814453125	0.199985100000049	47	SHINEd_020_y_f_h_a.jpg
1461.09814453125	0.0	20	n/a
1462.46484375	0.1999735999997938	41	SHINEd_016_y_m_h_a.jpg
1462.58154296875	0.0	20	n/a
1463.8818359375	0.19995170000038343	42	SHINEd_010_y_f_h_a.jpg
1463.99853515625	0.0	20	n/a
1465.33154296875	0.20000729999992473	43	SHINEd_016_y_m_h_a.jpg
1465.4482421875	0.0	20	n/a
1466.8232421875	0.20000770000092416	44	SHINEd_016_y_m_h_a.jpg
1466.931640625	0.0	20	n/a
1468.28173828125	0.20000720000098227	45	SHINEd_016_y_m_h_a.jpg
1468.3984375	0.0	20	n/a
1469.6982421875	0.20003109999925073	46	SHINEd_016_y_m_h_a.jpg
1469.81494140625	0.0	20	n/a
1471.1318359375	0.19999599999937345	21	SHINEd_008_y_m_a_a.jpg
1471.24853515625	0.0	20	n/a
1472.57373046875	0.20001249999950232	22	SHINEd_008_y_m_a_a.jpg
1472.6904296875	0.0	20	n/a
1473.99853515625	0.19997829999920214	23	SHINEd_008_y_m_a_a.jpg
1474.115234375	0.0	20	n/a
1475.43212890625	0.20000590000017837	24	SHINEd_008_y_m_a_a.jpg
1475.54833984375	0.0	20	n/a
1476.8818359375	0.20001330000013695	25	SHINEd_008_y_m_a_a.jpg
1476.99853515625	0.0	20	n/a
1478.35693359375	0.20000640000012027	26	SHINEd_031_y_m_a_b.jpg
1478.4736328125	0.0	20	n/a
1479.7734375	0.1999735999997938	41	SHINEd_016_y_m_h_a.jpg
1479.89013671875	0.0	20	n/a
1481.1904296875	0.19995170000038343	42	SHINEd_010_y_f_h_a.jpg
1481.30712890625	0.0	20	n/a
1482.64013671875	0.20000729999992473	43	SHINEd_016_y_m_h_a.jpg
1482.7568359375	0.0	20	n/a
1484.05712890625	0.20000770000092416	44	SHINEd_016_y_m_h_a.jpg
1484.173828125	0.0	20	n/a
1485.48193359375	0.20000720000098227	45	SHINEd_016_y_m_h_a.jpg
1485.5986328125	0.0	20	n/a
1486.87353515625	0.20003109999925073	46	SHINEd_016_y_m_h_a.jpg
1486.990234375	0.0	20	n/a
1488.298828125	0.199985100000049	47	SHINEd_020_y_f_h_a.jpg
1488.423828125	0.0	20	n/a
1489.77392578125	0.1999735999997938	41	SHINEd_016_y_m_h_a.jpg
1489.890625	0.0	20	n/a
1491.18212890625	0.19995170000038343	42	SHINEd_010_y_f_h_a.jpg
1491.298828125	0.0	20	n/a
1492.5986328125	0.20000729999992473	43	SHINEd_016_y_m_h_a.jpg
1492.71533203125	0.0	20	n/a
1494.0322265625	0.20000770000092416	44	SHINEd_016_y_m_h_a.jpg
1494.14892578125	0.0	20	n/a
1495.45703125	0.20000720000098227	45	SHINEd_016_y_m_h_a.jpg
1495.57373046875	0.0	20	n/a
1496.93212890625	0.20003109999925073	46	SHINEd_016_y_m_h_a.jpg
1497.048828125	0.0	20	n/a
1498.3740234375	0.199985100000049	47	SHINEd_020_y_f_h_a.jpg
1498.49072265625	0.0	20	n/a
1499.8154296875	0.19999599999937345	21	SHINEd_008_y_m_a_a.jpg
1499.93212890625	0.0	20	n/a
1501.25732421875	0.20001249999950232	22	SHINEd_008_y_m_a_a.jpg
1501.3740234375	0.0	20	n/a
1502.70751953125	0.19997829999920214	23	SHINEd_008_y_m_a_a.jpg
1502.82421875	0.0	20	n/a
1504.19091796875	0.20000590000017837	24	SHINEd_008_y_m_a_a.jpg
1504.30712890625	0.0	20	n/a
1505.63232421875	0.20001330000013695	25	SHINEd_008_y_m_a_a.jpg
1505.7490234375	0.0	20	n/a
1507.0908203125	0.20000640000012027	26	SHINEd_031_y_m_a_b.jpg
1507.20751953125	0.0	20	n/a
1508.58251953125	0.1999735999997938	41	SHINEd_016_y_m_h_a.jpg
1508.69921875	0.0	20	n/a
1510.04931640625	0.19995170000038343	42	SHINEd_010_y_f_h_a.jpg
1510.166015625	0.0	20	n/a
1511.44921875	0.20000440000148956	33	SHINEd_016_y_m_h_b.jpg
1511.56591796875	0.0	20	n/a
1512.04150390625	0.0	111	n/a
1512.9326171875	0.20000770000092416	44	SHINEd_016_y_m_h_a.jpg
1513.04931640625	0.0	20	n/a
1514.3740234375	0.20000720000098227	45	SHINEd_016_y_m_h_a.jpg
1514.49072265625	0.0	20	n/a
1515.8076171875	0.20003109999925073	46	SHINEd_016_y_m_h_a.jpg
1515.92431640625	0.0	20	n/a
1517.20751953125	0.199985100000049	47	SHINEd_020_y_f_h_a.jpg
1517.32421875	0.0	20	n/a
1518.6494140625	0.19999599999937345	21	SHINEd_008_y_m_a_a.jpg
1518.76611328125	0.0	20	n/a
1520.04931640625	0.20001249999950232	22	SHINEd_008_y_m_a_a.jpg
1520.166015625	0.0	20	n/a
1521.45751953125	0.19997829999920214	23	SHINEd_008_y_m_a_a.jpg
1521.57421875	0.0	20	n/a
1522.89111328125	0.20000590000017837	24	SHINEd_008_y_m_a_a.jpg
1523.0078125	0.0	20	n/a
1524.291015625	0.20001330000013695	25	SHINEd_008_y_m_a_a.jpg
1524.40771484375	0.0	20	n/a
1525.7744140625	0.20000640000012027	26	SHINEd_031_y_m_a_b.jpg
1525.89111328125	0.0	20	n/a
1527.26611328125	0.19999480000092262	11	SHINEd_028_y_f_a_b.jpg
1527.3828125	0.0	20	n/a
1527.73388671875	0.0	111	n/a
1528.69921875	0.20001249999950232	22	SHINEd_008_y_m_a_a.jpg
1528.81591796875	0.0	20	n/a
1530.1162109375	0.19997829999920214	23	SHINEd_008_y_m_a_a.jpg
1530.23291015625	0.0	20	n/a
1531.54931640625	0.20000590000017837	24	SHINEd_008_y_m_a_a.jpg
1531.666015625	0.0	20	n/a
1533.041015625	0.20001330000013695	25	SHINEd_008_y_m_a_a.jpg
1533.166015625	0.0	20	n/a
1534.49951171875	0.1999735999997938	41	SHINEd_016_y_m_h_a.jpg
1534.6162109375	0.0	20	n/a
1535.8994140625	0.19995170000038343	42	SHINEd_010_y_f_h_a.jpg
1536.01611328125	0.0	20	n/a
1537.3330078125	0.20000729999992473	43	SHINEd_016_y_m_h_a.jpg
1537.44970703125	0.0	20	n/a
1538.76611328125	0.20000770000092416	44	SHINEd_016_y_m_h_a.jpg
1538.8828125	0.0	20	n/a
1540.19970703125	0.20000720000098227	45	SHINEd_016_y_m_h_a.jpg
1540.31640625	0.0	20	n/a
1541.6328125	0.20003109999925073	46	SHINEd_016_y_m_h_a.jpg
1541.74951171875	0.0	20	n/a
1543.0498046875	0.19999599999937345	21	SHINEd_008_y_m_a_a.jpg
1543.16650390625	0.0	20	n/a
1544.46630859375	0.20001249999950232	22	SHINEd_008_y_m_a_a.jpg
1544.5830078125	0.0	20	n/a
1545.91650390625	0.19997829999920214	23	SHINEd_008_y_m_a_a.jpg
1546.033203125	0.0	20	n/a
1547.408203125	0.20000590000017837	24	SHINEd_008_y_m_a_a.jpg
1547.52490234375	0.0	20	n/a
1548.87451171875	0.20001330000013695	25	SHINEd_008_y_m_a_a.jpg
1548.9912109375	0.0	20	n/a
1550.3330078125	0.20000640000012027	26	SHINEd_031_y_m_a_b.jpg
1550.44970703125	0.0	20	n/a
1551.77490234375	0.1999735999997938	41	SHINEd_016_y_m_h_a.jpg
1551.8916015625	0.0	20	n/a
1553.19970703125	0.19995170000038343	42	SHINEd_010_y_f_h_a.jpg
1553.31640625	0.0	20	n/a
1554.69140625	0.20000729999992473	43	SHINEd_016_y_m_h_a.jpg
1554.81640625	0.0	20	n/a
1556.10009765625	0.20000770000092416	44	SHINEd_016_y_m_h_a.jpg
1556.21630859375	0.0	20	n/a
1557.57470703125	0.20000720000098227	45	SHINEd_016_y_m_h_a.jpg
1557.69140625	0.0	20	n/a
1559.00830078125	0.19999480000092262	11	SHINEd_028_y_f_a_b.jpg
1559.125	0.0	20	n/a
1559.484375	0.0	111	n/a
1560.4833984375	0.20001249999950232	22	SHINEd_008_y_m_a_a.jpg
1560.591796875	0.0	20	n/a
1561.9501953125	0.2000028000002203	13	SHINEd_020_y_f_a_b.jpg
1562.06640625	0.0	20	n/a
1562.40966796875	0.0	111	n/a
1563.41650390625	0.20000590000017837	24	SHINEd_008_y_m_a_a.jpg
1563.533203125	0.0	20	n/a
1564.85009765625	0.20001330000013695	25	SHINEd_008_y_m_a_a.jpg
1564.966796875	0.0	20	n/a
1566.33349609375	0.20000640000012027	26	SHINEd_031_y_m_a_b.jpg
1566.4501953125	0.0	20	n/a
1567.75830078125	0.20000690000074428	27	SHINEd_037_y_m_a_b.jpg
1567.875	0.0	20	n/a
1569.2333984375	0.1999735999997938	41	SHINEd_016_y_m_h_a.jpg
1569.35009765625	0.0	20	n/a
1570.68359375	0.19995170000038343	42	SHINEd_010_y_f_h_a.jpg
1570.80029296875	0.0	20	n/a
1572.15869140625	0.20000729999992473	43	SHINEd_016_y_m_h_a.jpg
1572.275390625	0.0	20	n/a
1573.63330078125	0.20000770000092416	44	SHINEd_016_y_m_h_a.jpg
1573.75	0.0	20	n/a
1575.1083984375	0.20000720000098227	45	SHINEd_016_y_m_h_a.jpg
1575.22509765625	0.0	20	n/a
1576.51708984375	0.20003109999925073	46	SHINEd_016_y_m_h_a.jpg
1576.6337890625	0.0	20	n/a
1577.99169921875	0.199985100000049	47	SHINEd_020_y_f_h_a.jpg
1578.1083984375	0.0	20	n/a
1579.42529296875	0.19999599999937345	21	SHINEd_008_y_m_a_a.jpg
1579.5419921875	0.0	20	n/a
1580.87548828125	0.20001249999950232	22	SHINEd_008_y_m_a_a.jpg
1580.99169921875	0.0	20	n/a
1582.30859375	0.19997829999920214	23	SHINEd_008_y_m_a_a.jpg
1582.42529296875	0.0	20	n/a
1583.7421875	0.20000590000017837	24	SHINEd_008_y_m_a_a.jpg
1583.85888671875	0.0	20	n/a
1585.19189453125	0.20001330000013695	25	SHINEd_008_y_m_a_a.jpg
1585.30859375	0.0	20	n/a
1586.6337890625	0.20000640000012027	26	SHINEd_031_y_m_a_b.jpg
1586.75048828125	0.0	20	n/a
1588.05029296875	0.19999599999937345	21	SHINEd_008_y_m_a_a.jpg
1588.1669921875	0.0	20	n/a
1589.458984375	0.20001249999950232	22	SHINEd_008_y_m_a_a.jpg
1589.5751953125	0.0	20	n/a
1590.900390625	0.2000028000002203	13	SHINEd_020_y_f_a_b.jpg
1591.01708984375	0.0	20	n/a
1591.49267578125	0.0	111	n/a
1592.3837890625	0.20000590000017837	24	SHINEd_008_y_m_a_a.jpg
1592.50048828125	0.0	20	n/a
1593.78369140625	0.20001330000013695	25	SHINEd_008_y_m_a_a.jpg
1593.900390625	0.0	20	n/a
1595.2421875	0.20000640000012027	26	SHINEd_031_y_m_a_b.jpg
1595.35888671875	0.0	20	n/a
1596.67578125	0.19999599999937345	21	SHINEd_008_y_m_a_a.jpg
1596.7919921875	0.0	20	n/a
1598.12548828125	0.20001249999950232	22	SHINEd_008_y_m_a_a.jpg
1598.2421875	0.0	20	n/a
1599.6005859375	0.19997829999920214	23	SHINEd_008_y_m_a_a.jpg
1599.71728515625	0.0	20	n/a
1601.04248046875	0.20000590000017837	24	SHINEd_008_y_m_a_a.jpg
1601.16748046875	0.0	20	n/a
1602.32568359375	0.0	200	n/a
1607.4599609375	0.0	101	n/a
